link,title,date
https://www.otodom.pl/pl/oferta/mieszkanie-na-wiktoryn-6-62-dostepne-od-20-01-25-ID4u626,mieszkanie na Wiktoryn 6/62 – dostępne od 20.01.25,2025_01_05
https://www.otodom.pl/pl/oferta/nowe-piekne-mieszkanie-w-swietnej-lokalizacji-ID4u4q3,NOWE piękne mieszkanie w świetnej lokalizacji!,2025_01_05
https://www.otodom.pl/pl/oferta/dwa-pokoje-na-warszawskim-kole-53-m2-ID4u4UA,Dwa pokoje na warszawskim Kole 53 m2,2025_01_05
https://www.otodom.pl/pl/oferta/2-pok-apartament-z-widokiem-na-centrum-blisko-s8-ID4u7mX,2-pok Apartament z widokiem na Centrum * blisko S8,2025_01_05
https://www.otodom.pl/pl/oferta/atrakcyjny-lokal-52m2-centrum-warszawy-od-zaraz-ID4u7n6,Atrakcyjny Lokal/52M2/Centrum Warszawy/Od Zaraz/,2025_01_05
https://www.otodom.pl/pl/oferta/mieszkanie-39-m2-2-pokoje-warszawa-wola-ID4u7mq,Mieszkanie 39 m2 - 2 pokoje Warszawa Wola,2025_01_05
https://www.otodom.pl/pl/oferta/mieszkanie-na-wlodarzewskiej-ID4u7m5,Mieszkanie na Włodarzewskiej,2025_01_05
https://www.otodom.pl/pl/oferta/stylowe-2-pokoje-48-m2-konstruktorska-mokotow-ID4u7lL,"Stylowe 2 pokoje 48 m2, Konstruktorska, Mokotów",2025_01_05
https://www.otodom.pl/pl/oferta/piekne-nowe-2pokojowe-mieszkanie-z-balkonem-metro-ID4u5cL,Piękne nowe 2pokojowe mieszkanie z balkonem! Metro,2025_01_05
https://www.otodom.pl/pl/oferta/nowoczesny-apartament-z-garazem-ID4u7li,Nowoczesny Apartament z Garażem,2025_01_05
https://www.otodom.pl/pl/oferta/m2-przy-pkp-goclawek-garaz-komorka-wolne-ID4u7kE,M2 Przy Pkp Gocławek Garaż+Komórka - wolne,2025_01_05
https://www.otodom.pl/pl/oferta/m2-przy-pkp-goclawek-garaz-komorka-wolne-ID4u7kC,M2 Przy Pkp Gocławek Garaż+Komórka - wolne,2025_01_05
https://www.otodom.pl/pl/oferta/mieszkanie-2-pok-55-m2-wola-ul-bema-ID4u3N9,"Mieszkanie 2 pok, 55 m2, Wola ul. Bema",2025_01_05
https://www.otodom.pl/pl/oferta/wynajem-przytulnego-mieszkania-27-m-ID4u7jy,Wynajem przytulnego mieszkania 27 m²,2025_01_05
https://www.otodom.pl/pl/oferta/wynajme-mieszkanie-warszawa-brodno-ID4u7ji,Wynajmę mieszkanie Warszawa Bródno,2025_01_05
https://www.otodom.pl/pl/oferta/wynajme-3-pok-na-jelonkach-52-m2-sucharskiego-2-ID4u7jd,"Wynajmę 3 pok. na Jelonkach, 52 m2, Sucharskiego 2",2025_01_05
https://www.otodom.pl/pl/oferta/al-jerozolimskie-przy-makro-135-m2-5-pokoi-garaz-ID4u7i7,"Al. Jerozolimskie przy Makro 135 m2, 5 pokoi garaż",2025_01_05
https://www.otodom.pl/pl/oferta/wilanow-wiktorii-wiedenskiej-3-pokoje-98m2-meble-ID4u7ir,"Wilanów-Wiktorii Wiedeńskiej, 3 pokoje 98m2, meble",2025_01_05
https://www.otodom.pl/pl/oferta/3-pokojowe-mieszkanie-o-powierzchni-84-m2-ID4u7iq,3-pokojowe mieszkanie o powierzchni 84 m2,2025_01_05
https://www.otodom.pl/pl/oferta/3-pokoje-2-lazienki-garaz-blisko-metro-ursynow-ID4u7id,"3 pokoje, 2 łazienki, garaż, blisko metro Ursynów",2025_01_05
https://www.otodom.pl/pl/oferta/2-pokoje-67-m-mokotow-gorny-metro-ID4u7hZ,2 pokoje 67 m Mokotów Górny metro,2025_01_05
https://www.otodom.pl/pl/oferta/klimatyczne-mieszkanie-przy-parku-morskie-oko-ID4u7hM,Klimatyczne mieszkanie przy parku Morskie oko,2025_01_05
https://www.otodom.pl/pl/oferta/2-pokoje-na-zoliborzu-metro-dworzec-gdanski-ID4u7hA,2 pokoje na Żoliborzu metro Dworzec Gdański,2025_01_05
https://www.otodom.pl/pl/oferta/sloneczne-3-pokojowe-mieszkanie-wlodarzewska-ID4u7hy,Słoneczne 3-pokojowe mieszkanie - Włodarzewska,2025_01_05
https://www.otodom.pl/pl/oferta/3-pokojowe-mieszkanie-blisko-metra-ID4u7hq,3 pokojowe mieszkanie - BLISKO METRA,2025_01_05
https://www.otodom.pl/pl/oferta/wynajme-4-pokojowe-77-m2-stary-mokotow-ID4u7hp,Wynajmę 4 pokojowe 77 m2 stary Mokotów,2025_01_05
https://www.otodom.pl/pl/oferta/mokotow-3-pokoje-2-lazienki-bez-prowizji-ID4u7hj,Mokotów 3 pokoje 2 łazienki bez prowizji,2025_01_05
https://www.otodom.pl/pl/oferta/mieszkanie-w-segmencie-warszawa-ursynow-grabow-ID4u7gX,Mieszkanie w segmencie Warszawa Ursynów Grabów,2025_01_05
https://www.otodom.pl/pl/oferta/saska-kepa-39m2-loft-ID4u7g2,Saska Kępa | 39m2 | LOFT,2025_01_05
https://www.otodom.pl/pl/oferta/po-remonciepierwszy-najemmetro-ID4u7fT,⚡Po Remoncie⚡Pierwszy Najem⚡Metro⚡,2025_01_05
https://www.otodom.pl/pl/oferta/mieszkanie-blisko-centrum-na-woli-karolkowa-ID4u7fu,Mieszkanie blisko Centrum na Woli - Karolkowa,2025_01_05
https://www.otodom.pl/pl/oferta/3-pokoje-garaze-ul-wlodarzewska-12-ID4u7fs,"3 pokoje, garaże ul. Włodarzewska 12",2025_01_05
https://www.otodom.pl/pl/oferta/os-wilno-targowek-3-pokoje-na-wynajem-ID4u7eN,"Os. Wilno, Targówek - 3 Pokoje Na Wynajem",2025_01_05
https://www.otodom.pl/pl/oferta/2-pokojowy-apartament-bliska-wola-wysoki-standard-ID4u7eK,2-Pokojowy Apartament Bliska Wola Wysoki Standard,2025_01_05
https://www.otodom.pl/pl/oferta/przy-metrze-tuz-po-remoncie-salon-sypialnia-balkon-ID4u7ek,Przy METRZE tuż po remoncie salon+sypialnia+balkon,2025_01_05
https://www.otodom.pl/pl/oferta/mieszkanie-do-wynajecia-ID4u7dQ,mieszkanie do wynajęcia,2025_01_05
https://www.otodom.pl/pl/oferta/mieszkanie-27-33-m2-2-pokoje-centrum-warszawy-ID4u7dK,"Mieszkanie, 27,33 m2, 2 pokoje, Centrum Warszawy",2025_01_05
https://www.otodom.pl/pl/oferta/przytulne-2-pokojowe-mieszkanie-na-wilanowie-ID4u7dH,Przytulne 2-Pokojowe Mieszkanie Na Wilanowie,2025_01_05
https://www.otodom.pl/pl/oferta/premium-2-poziomowe-3pok-60m2-domaniewska-47a-gara-ID4u7di,"Premium,2-poziomowe 3pok,60m2,Domaniewska 47a,gara",2025_01_05
https://www.otodom.pl/pl/oferta/2-pok-apartament-z-widokiem-na-centrum-blisko-s8-ID.4u7mX,,2025_01_05
https://www.otodom.pl/pl/oferta/bezposrednio-mokotow-kawalerka-po-remoncie-ID4u6Sg,BEZPOŚREDNIO | MOKOTÓW | kawalerka | po remoncie,2025_01_05
https://www.otodom.pl/pl/oferta/bezposrednio-do-wynajecia-3-pokojowe-mieszkanie-ID4u6Gb,bezpośrednio do wynajęcia 3-pokojowe mieszkanie,2025_01_05
https://www.otodom.pl/pl/oferta/wynajem-mieszkania-warszawa-ok-rondo-wiatraczna-ID4u3Ud,"Wynajem mieszkania, Warszawa, ok. Rondo Wiatraczna",2025_01_05
https://www.otodom.pl/pl/oferta/dwupokojowe-mieszkanie-na-starym-mokotowie-ID4u7dc,Dwupokojowe mieszkanie na Starym Mokotowie,2025_01_05
https://www.otodom.pl/pl/oferta/2-pokoje-odkryta-44-m2-ID4u7cX,2 pokoje Odkryta 44 m2,2025_01_05
https://www.otodom.pl/pl/oferta/przestronne-2-pokojowe-mieszkanie-praga-polnoc-ID4u7cT,Przestronne 2-pokojowe mieszkanie - Praga Północ,2025_01_05
https://www.otodom.pl/pl/oferta/wilanow-apartament-50-m2-wynajme-bezposrednio-ID4u7cF,Wilanów apartament 50 m2 wynajmę bezpośrednio,2025_01_05
https://www.otodom.pl/pl/oferta/wilanow-2-pokojowe-50m2-z-garazem-i-kom-lok-3300-ID4u7cH,Wilanów 2 pokojowe 50m2 z garażem i kom. lok. 3300,2025_01_05
https://www.otodom.pl/pl/oferta/3-pokojowe-w-nowym-budownictwie-blisko-metra-ID4u7aT,"3 pokojowe w nowym budownictwie, blisko metra",2025_01_05
https://www.otodom.pl/pl/oferta/nowoczesny-apartament-przy-pl-wilsona-bezposr-ID4u7cw,"Nowoczesny apartament przy Pl. Wilsona, BEZPOŚR.",2025_01_05
https://www.otodom.pl/pl/oferta/2-pokoje-na-ochocie-bezposrednio-bez-prowizji-ID4u7cj,2 pokoje na Ochocie - bezpośrednio bez prowizji,2025_01_05
https://www.otodom.pl/pl/oferta/nowe-30m2-klima-2-pokoje-garaz-kom-lok-mokotow-ID4u7bK,"Nowe,30m2,klima,2 pokoje, garaż, kom. lok. Mokotów",2025_01_05
https://www.otodom.pl/pl/oferta/5-pokojowy-dwupoziomowy-apartament-ID4u7bg,5-Pokojowy Dwupoziomowy Apartament,2025_01_05
https://www.otodom.pl/pl/oferta/wygodne-trzy-pokoje-z-tarasem-ID4u7bj,Wygodne Trzy Pokoje Z Tarasem,2025_01_05
https://www.otodom.pl/pl/oferta/komfortowe-2-pokoje-klimatyzacja-garaz-ID4u7bh,"Komfortowe 2 Pokoje, Klimatyzacja, Garaż",2025_01_05
https://www.otodom.pl/pl/oferta/z-klima-przy-samym-metrze-ursynow-2-osobne-pok-ID4u62L,"z Klimą! Przy samym METRZE URSYNÓW, 2 OSOBNE pok.",2025_01_05
https://www.otodom.pl/pl/oferta/3-pokojowe-mieszkanie-na-woli-do-wynajmu-ID4u7ax,3-pokojowe mieszkanie na Woli do wynajmu,2025_01_05
https://www.otodom.pl/pl/oferta/apartament-aleja-wilanowska-180m2-ID4u7am,Apartament Aleja Wilanowska 180m2,2025_01_05
https://www.otodom.pl/pl/oferta/do-wynajecia-nowoczesne-1-pokojowe-mieszkanie-ID4u7ai,Do wynajęcia nowoczesne 1-pokojowe mieszkanie,2025_01_05
https://www.otodom.pl/pl/oferta/stary-mokotow-przy-szpitalu-mswia-ID4u7a5,Stary MOKOTOW przy Szpitalu MSWiA,2025_01_05
https://www.otodom.pl/pl/oferta/wynajme-dwupokojowe-mieszkanie-w-dzielnicy-ursus-ID4u79J,Wynajmę dwupokojowe mieszkanie w dzielnicy Ursus,2025_01_05
https://www.otodom.pl/pl/oferta/mieszkanie-idealne-na-biuro-2-miejsca-postojowe-ID4u797,Mieszkanie idealne na biuro! 2 miejsca postojowe!,2025_01_05
https://www.otodom.pl/pl/oferta/parking-podziemny-dostepny-gotowe-do-najmu-ID4u78B,Parking podziemny dostępny! Gotowe do najmu!,2025_01_05
https://www.otodom.pl/pl/oferta/wynajme-przytulne-studio-38m2-praga-pld-ID4u78s,Wynajmę przytulne studio 38m2! Praga Płd.,2025_01_05
https://www.otodom.pl/pl/oferta/zamieszkaj-w-prestizowej-okolicy-port-praski-ID4u5U0,Zamieszkaj w prestiżowej okolicy - Port Praski,2025_01_05
https://www.otodom.pl/pl/oferta/mieszkanie-3-pokojowe-ID4u70s,Mieszkanie 3 pokojowe,2025_01_05
https://www.otodom.pl/pl/oferta/3-pokojowe-mieszkanie-od-zaraz-bemowo-ID4u76z,3 pokojowe mieszkanie od zaraz bemowo,2025_01_05
https://www.otodom.pl/pl/oferta/mieszkanie-wilanow-4-pokoje-99m2-bezposrednio-ID4u76r,"Mieszkanie, Wilanów, 4 pokoje, 99m2, bezpośrednio",2025_01_05
https://www.otodom.pl/pl/oferta/2-pokoje-ochota-loggia-garaz-od-zaraz-ID4u75C,2 Pokoje * Ochota * Loggia * Garaż * Od Zaraz,2025_01_05
https://www.otodom.pl/pl/oferta/3-pokoje-od-zaraz-garaz-komorka-klima-ID4u75B,3 Pokoje * Od Zaraz * Garaż * Komórka * Klima,2025_01_05
https://www.otodom.pl/pl/oferta/po-gruntownym-remoncie-jak-nowe-oddzielna-kuchnia-ID4u6Zy,"Po gruntownym remoncie,jak nowe, oddzielna kuchnia",2025_01_05
https://www.otodom.pl/pl/oferta/pokoj-z-oddzielna-kuchnia-na-pradze-ID4u75r,Pokój z oddzielną kuchnią na Pradze,2025_01_05
https://www.otodom.pl/pl/oferta/3-pokoje-z-pieknym-widokiem-metro-4-min-ID4u74F,"3 pokoje z pięknym widokiem, Metro 4 min!",2025_01_05
https://www.otodom.pl/pl/oferta/nowy-apartament-3-pokoje-taras-40-m-grzybowska-37-ID4u72y,"Nowy apartament 3 pokoję taras 40 m, Grzybowska 37",2025_01_05
https://www.otodom.pl/pl/oferta/2-oddzielne-pokoje-ID4u71Y,2 oddzielne pokoje,2025_01_05
https://www.otodom.pl/pl/oferta/do-wynajecia-4-pokoje-przy-metrze-wilanowska-ID4u71U,Do wynajęcia! 4 pokoje przy metrze Wilanowska,2025_01_05
https://www.otodom.pl/pl/oferta/piekne-mieszkanie-na-grottgera-czynsz-w-cenie-ID4u6Bn,"Piękne mieszkanie na Grottgera, czynsz w cenie",2025_01_05
https://www.otodom.pl/pl/oferta/centrum-bezposrednio-kawalerka-meble-sprzet-agd-ID4u71h,CENTRUM Bezpośrednio kawalerka Meble Sprzęt AGD,2025_01_05
https://www.otodom.pl/pl/oferta/exclusive-apartment-on-35th-floor-on-zlota-44-ID4u71a,Exclusive apartment on 35th floor on Złota 44,2025_01_05
https://www.otodom.pl/pl/oferta/dwupokojowe-mieszkanie-na-starym-mokotowie-ID.4u7dc,,2025_01_05
https://www.otodom.pl/pl/oferta/jasne-dwupokojowe-mieszkanie-praga-polnoc-ID4u6SN,"Jasne, dwupokojowe mieszkanie, Praga Północ",2025_01_05
https://www.otodom.pl/pl/oferta/mieszkanie-wynajem-pogranicze-srodmiescie-wola-ID4u4o0,Mieszkanie wynajem pogranicze Sródmieście /Wola,2025_01_05
https://www.otodom.pl/pl/oferta/sloneczne-2-pokoje-z-garazem-ID4u716,Słoneczne 2 Pokoje Z Garażem,2025_01_05
https://www.otodom.pl/pl/oferta/apartament-2-pokoje-blisko-centrum-metro-ID4u714,"Apartament 2 pokoje blisko Centrum, Metro",2025_01_05
https://www.otodom.pl/pl/oferta/kawalerka-z-widokiem-na-centrum-ID4u713,Kawalerka z widokiem na Centrum,2025_01_05
https://www.otodom.pl/pl/oferta/bezposrednio-bardzo-ladne-mieszkanie-ID4u70P,Bezpośrednio - bardzo ładne mieszkanie,2025_01_05
https://www.otodom.pl/pl/oferta/2-pokojowe-mieszkanie-przy-samym-metrze-balkon-ID4u70g,2-Pokojowe Mieszkanie Przy Samym Metrze Balkon,2025_01_05
https://www.otodom.pl/pl/oferta/brand-new-apartment-3-bedrooms-ac-and-garage-ID4u70c,Brand new apartment #3 bedrooms # AC and Garage,2025_01_05
https://www.otodom.pl/pl/oferta/kolejowa-47a-19-dzielnica-ac-garaz-ID4u702,Kolejowa 47a #19 Dzielnica #Ac / Garaż,2025_01_05
https://www.otodom.pl/pl/oferta/kawalerka-ursus-niedzwiadek-ID4u6ZI,Kawalerka Ursus Niedźwiadek,2025_01_05
https://www.otodom.pl/pl/oferta/mieszkanie-2-pokoje-warszawa-wilanow-ul-sarmacka-ID4u6Zr,Mieszkanie 2 pokoje Warszawa Wilanów ul. Sarmacka,2025_01_05
https://www.otodom.pl/pl/oferta/mieszkanie-56-m-warszawa-ID4u6Z2,"Mieszkanie, 56 m², Warszawa",2025_01_05
https://www.otodom.pl/pl/oferta/bezposrednio-przy-parku-miejsce-postojowe-ID4u6YQ,"Bezpośrednio, przy parku, miejsce postojowe",2025_01_05
https://www.otodom.pl/pl/oferta/mieszkanie-studio-garderoba-miejsce-postojowe-ID4u6XN,Mieszkanie studio + garderoba + miejsce postojowe,2025_01_05
https://www.otodom.pl/pl/oferta/dwa-pokoje-50m-z-garazem-mokotow-stegny-ID4u6XD,DWA pokoje 50m z GARAŻEM Mokotów-STEGNY,2025_01_05
https://www.otodom.pl/pl/oferta/przytulne-mieszkanie-z-klimatyzacja-na-wilnowie-ID4u6X3,Przytulne mieszkanie z klimatyzacją na Wilnowie,2025_01_05
https://www.otodom.pl/pl/oferta/mieszkanie-z-balkonem-i-parkingiem-przy-metrze-ID4u3hY,Mieszkanie z balkonem i parkingiem przy METRZE,2025_01_05
https://www.otodom.pl/pl/oferta/3-pok-65-m-kw-widne-i-funkcjonalne-ID4u6V0,"3-pok. 65 m.kw., widne i funkcjonalne",2025_01_05
https://www.otodom.pl/pl/oferta/dwupokojowe-mieszkanie-goclaw-najem-okazjonalny-ID4u6WC,Dwupokojowe mieszkanie|Gocław|najem okazjonalny,2025_01_05
https://www.otodom.pl/pl/oferta/nowe-2-pok-55m2-merto-daszynskiego-garaz-ID4u6Wc,"Nowe, 2 pok 55m2, Merto Daszyńskiego, garaż.",2025_01_05
https://www.otodom.pl/pl/oferta/2-pokojowe-55m2-garaz-metro-daszynskiego-4800-zl-ID4u6Wb,"2 pokojowe 55m2, garaż. Metro Daszyńskiego.4800 zł",2025_01_05
https://www.otodom.pl/pl/oferta/wynajme-ladne-2-pokojowe-mieszkanie-wilanow-ID4u6UX,Wynajmę ładne 2 pokojowe mieszkanie - Wilanów,2025_01_05
https://www.otodom.pl/pl/oferta/mieszkanie-na-wynajem-po-remoncie-ID4u6Ul,"mieszkanie na wynajem, po remoncie",2025_01_05
https://www.otodom.pl/pl/oferta/wynajme-nowa-kawalerke-na-ursusie-ID4u6Um,Wynajme nowa kawalerke na Ursusie.,2025_01_05
https://www.otodom.pl/pl/oferta/2-pokojowe-mieszkanie-przy-rondzie-wiatraczna-ID4u6TE,2 pokojowe mieszkanie przy Rondzie Wiatraczna,2025_01_05
https://www.otodom.pl/pl/oferta/bezposrednio-2-pokoje-ul-zelazna-59-ID4u6Sm,Bezpośrednio 2-pokoje ul. Żelazna 59,2025_01_05
https://www.otodom.pl/pl/oferta/wynajme-nowe-mieszkanie-3-pokoje-warszawa-ID4u6Sh,"Wynajmę nowe mieszkanie, 3 pokoje, Warszawa",2025_01_05
https://www.otodom.pl/pl/oferta/stylowe-mieszkanie-dla-singla-lub-pary-ID4u6S9,Stylowe mieszkanie dla singla lub pary,2025_01_05
https://www.otodom.pl/pl/oferta/bezpos-2pok-200m-wkd-rakow-klima-garaz-w-cenie-ID4u6Sd,"BEZPOŚ, 2pok, 200m WKD Raków, klima, GARAŻ w cenie",2025_01_05
https://www.otodom.pl/pl/oferta/studio-3-min-to-galeria-mokotow-kawalerka-ID4u6S0,!!Studio 3 min to Galeria Mokotow!!Kawalerka!!,2025_01_05
https://www.otodom.pl/pl/oferta/nowe2pok-czynszwcenie-klobucka-bliskogalerimokotow-ID4u6RJ,Nowe2Pok_CzynszwCenie_Kłobucka_BliskoGaleriMokotów,2025_01_05
https://www.otodom.pl/pl/oferta/jerozolimskie-20-m2-balkon-wiktoryn-6-silow-ID4u6Rk,"Jerozolimskie , 20 m2 + Balkon , Wiktoryn 6 ,siłow",2025_01_05
https://www.otodom.pl/pl/oferta/3-pokojowe-mieszkanie-blisko-metra-plocka-ID4u3PC,3 Pokojowe Mieszkanie Blisko Metra Płocka,2025_01_05
https://www.otodom.pl/pl/oferta/2-pokojowe-mieszkanie-metro-stare-bielany-awf-ID4u5fm,2 pokojowe mieszkanie/Metro Stare Bielany/AWF,2025_01_05
https://www.otodom.pl/pl/oferta/mieszkanie-dwupokojowe-z-loggia-mokotow-ID4u5fk,Mieszkanie dwupokojowe z loggią - Mokotów!,2025_01_05
https://www.otodom.pl/pl/oferta/dwa-pokoje-40m2-wilanow-silownia-i-sauna-ID4u6Qp,Dwa pokoje | 40m2 | Wilanów | Siłownia i sauna,2025_01_05
https://www.otodom.pl/pl/oferta/sloneczne-2-pokoje-z-garazem-ID.4u716,,2025_01_05
https://www.otodom.pl/pl/oferta/nowoczesne-biuro-mieszkanie-z-dobra-energia-kepa-ID4u6l5,Nowoczesne biuro/mieszkanie z dobrą energią (Kępa),2025_01_05
https://www.otodom.pl/pl/oferta/osiedle-zlota-praga-2024r-garaz-garderoba-ID4u6PA,"Osiedle ""Złota Praga"", 2024R, Garaż, Garderoba",2025_01_05
https://www.otodom.pl/pl/oferta/nowoczesne-mieszkanie-na-wynajem-piekny-budynek-ID4u6Pb,Nowoczesne mieszkanie na wynajem | piękny budynek,2025_01_05
https://www.otodom.pl/pl/oferta/nowa-kawalerka-37m2-cicho-zielen-garaz-rakowiec-ID4u6P0,"Nowa kawalerka 37m2, cicho-zieleń-garaż, Rakowiec",2025_01_05
https://www.otodom.pl/pl/oferta/mokotow-42-m2-garaz-marina-mokotow-ID4u3TT,Mokotów - 42 m2 - Garaż - Marina Mokotów,2025_01_05
https://www.otodom.pl/pl/oferta/piekne-mieszkanie-z-widokiem-na-panorame-warszawy-ID4u6Ou,Piękne mieszkanie z widokiem na panoramę Warszawy!,2025_01_05
https://www.otodom.pl/pl/oferta/wysokie-sufity-dobra-komunikacja-blisko-ch-arkadia-ID4u6NP,Wysokie Sufity|Dobra Komunikacja|Blisko Ch Arkadia,2025_01_05
https://www.otodom.pl/pl/oferta/przytulne-mieszkanie-50m2-2-pokoje-srodmiescie-ID4u55B,"Przytulne Mieszkanie 50M2 2 Pokoje, Śródmieście",2025_01_05
https://www.otodom.pl/pl/oferta/apartament-112-m2-4-pokoje-marina-mokotow-ID4u55C,"Apartament 112 m2, 4 pokoje Marina Mokotów",2025_01_05
https://www.otodom.pl/pl/oferta/mokotow-i-srodmiescie-z-garazem-ladne-i-ciche-ochr-ID4u6Mr,Mokotów i Śródmieście z Garażem ładne i Ciche Ochr,2025_01_05
https://www.otodom.pl/pl/oferta/bemowo-3-pokoje-od-zaraz-bezposrednio-ID4u6M6,Bemowo 3 pokoje od zaraz bezpośrednio,2025_01_05
https://www.otodom.pl/pl/oferta/bemowo-85m2-klimatyzacja-garaz-ID4u6M2,Bemowo | 85M2 | Klimatyzacja | Garaż,2025_01_05
https://www.otodom.pl/pl/oferta/przestronne-2-pok-mieszkanie-obok-metra-plocka-ID4u5SI,Przestronne 2 pok. mieszkanie * obok Metra Płocka,2025_01_05
https://www.otodom.pl/pl/oferta/komfortowe-nowe-3-pok-mieszkanie-kolejowa-wola-ID4u5Nv,Komfortowe nowe 3 pok. mieszkanie Kolejowa Wola,2025_01_05
https://www.otodom.pl/pl/oferta/nowe-2-pokoje-przy-metrze-ratusz-arsenal-ID4u6Lr,Nowe 2 Pokoje Przy Metrze Ratusz Arsenał,2025_01_05
https://www.otodom.pl/pl/oferta/mieszkanie-32m-kawalerka-ochota-ID4u6Ld,Mieszkanie 32m kawalerka Ochota,2025_01_05
https://www.otodom.pl/pl/oferta/atrakcyjne-mieszkanie-z-tarasem-grzybowska-ID4u6Kg,Atrakcyjne mieszkanie z tarasem Grzybowska,2025_01_05
https://www.otodom.pl/pl/oferta/mieszkanie-2-pokojowe-zoliborz-artystyczny-ID4u6JR,Mieszkanie 2-pokojowe - Żoliborz Artystyczny,2025_01_05
https://www.otodom.pl/pl/oferta/ochota-ul-zadumana-2-pokoje-z-balkonem-ID4u6Jc,"Ochota ul. Zadumana, 2 pokoje z balkonem",2025_01_05
https://www.otodom.pl/pl/oferta/2-pokojowe-mieszkanie-na-starej-saskiej-kepie-ID4u4fg,2-pokojowe mieszkanie na starej Saskiej Kępie,2025_01_05
https://www.otodom.pl/pl/oferta/nowoczesne-4-pokojowe-balkon-10m2-garaz-ac-ID4u3cU,"Nowoczesne, 4-pokojowe, balkon 10m2, garaż, Ac",2025_01_05
https://www.otodom.pl/pl/oferta/nowe-umeblowane-4-pok-30m2-loggia-ac-ID4u4zh,"Nowe, umeblowane, 4-pok. 30m2 loggia, Ac",2025_01_05
https://www.otodom.pl/pl/oferta/kawalerka-na-wynajem-praga-poludnie-ID4u6HE,"kawalerka na wynajem, Praga Południe",2025_01_05
https://www.otodom.pl/pl/oferta/mieszkanie-3-pokoje-kuchnia-parking-metro-ID4u6HC,"Mieszkanie 3 pokoje + kuchnia + parking, metro",2025_01_05
https://www.otodom.pl/pl/oferta/mieszkanie-w-pelni-umeblowane-na-zamknietym-osiedu-ID4u6Hz,Mieszkanie w pełni umeblowane na zamkniętym osiedu,2025_01_05
https://www.otodom.pl/pl/oferta/ochota-trzy-pokoje-dwa-tarasy-garaz-nowe-nie-zami-ID4u6Hy,"Ochota trzy pokoje, dwa tarasy garaż nowe nie zami",2025_01_05
https://www.otodom.pl/pl/oferta/mieszkanie-165-m-warszawa-ID4u6Hx,"Mieszkanie, 165 m², Warszawa",2025_01_05
https://www.otodom.pl/pl/oferta/komfortowe-przy-samym-metrze-ID4u6Hw,Komfortowe przy samym metrze!,2025_01_05
https://www.otodom.pl/pl/oferta/2-pokojowe-mieszkanie-w-ursusie-ID4u6Gu,2 pokojowe mieszkanie w Ursusie,2025_01_05
https://www.otodom.pl/pl/oferta/dwa-pokoje-z-balkonem-i-garazem-w-sasiedztwie-blue-ID4u6FW,Dwa pokoje z balkonem i garażem w sąsiedztwie Blue,2025_01_05
https://www.otodom.pl/pl/oferta/bemowo-trzy-pokoje-po-remoncie-ID4u6FT,Bemowo trzy pokoje po remoncie,2025_01_05
https://www.otodom.pl/pl/oferta/miasteczko-wilanow-trzy-pokoje-dwa-miejsca-garazow-ID4u6FS,Miasteczko Wilanów trzy pokoje dwa miejsca garażow,2025_01_05
https://www.otodom.pl/pl/oferta/ursynow-zaruby-2-pokoje-51m2-metro-ID4u6FG,"⭐⭐⭐Ursynów,Zaruby,2 pokoje,51m2,Metro⭐⭐⭐",2025_01_05
https://www.otodom.pl/pl/oferta/mieszkanie-54-m-blisko-metro-wysoki-standard-garaz-ID4u5D3,Mieszkanie 54 m blisko METRO wysoki standard Garaż,2025_01_05
https://www.otodom.pl/pl/oferta/stare-miasto-przy-babakanie-ciche-2-pok-48m2-ID4u6zk,"Stare Miasto, Przy Babakanie, Ciche, 2-Pok, 48m2,",2025_01_05
https://www.otodom.pl/pl/oferta/garaz-w-cenie-mokotow-2-pok-klimatyzacja-ID4u6zl,"Garaż W Cenie !!, Mokotów, 2-Pok, Klimatyzacja",2025_01_05
https://www.otodom.pl/pl/oferta/osiedle-zlota-praga-2024r-garaz-garderoba-ID.4u6PA,,2025_01_05
https://www.otodom.pl/pl/oferta/kawalerka-na-tarchominie-z-miejscem-w-garazu-ID4u4Am,Kawalerka na Tarchominie z miejscem w garażu,2025_01_05
https://www.otodom.pl/pl/oferta/mini-apartament-studio-po-generalnym-remoncie-ID4u4wA,Mini apartament studio po generalnym remoncie,2025_01_05
https://www.otodom.pl/pl/oferta/mieszkanie-w-eleganckiej-kamienicy-obok-vitkaca-ID4u6E4,Mieszkanie w eleganckiej kamienicy obok Vitkaca,2025_01_05
https://www.otodom.pl/pl/oferta/jasne-ciche-balkon-przy-lazienkach-klimatyzacja-ID4u6DL,"Jasne,Ciche, Balkon, Przy Łazienkach, Klimatyzacja",2025_01_05
https://www.otodom.pl/pl/oferta/jasne-ciche-balkon-przy-lazienkach-klimatyzacja-ID4u6DK,"Jasne,Ciche, Balkon, Przy Łazienkach, Klimatyzacja",2025_01_05
https://www.otodom.pl/pl/oferta/2pokojowe-nowe-mieszkanie-ul-marywilska-ID4u3Zb,2pokojowe nowe mieszkanie - ul. Marywilska,2025_01_05
https://www.otodom.pl/pl/oferta/nowoczesne-2-pok-i-ogrodek-i-parking-i-zoliborz-ar-ID4u6Cc,Nowoczesne 2 Pok I Ogródek I Parking I Żoliborz Ar,2025_01_05
https://www.otodom.pl/pl/oferta/targowa-przy-ratuszowej-idealna-kawalerka-ID4u6BO,Targowa Przy Ratuszowej. Idealna Kawalerka,2025_01_05
https://www.otodom.pl/pl/oferta/5min-od-metro-r-daszynskiego-w-cenie-czynsz-ID4u6AJ,5min od Metro R. Daszyńskiego- w CENIE CZYNSZ-,2025_01_05
https://www.otodom.pl/pl/oferta/mieszkanie-42-m-warszawa-ID4u6AK,"Mieszkanie, 42 m², Warszawa",2025_01_05
https://www.otodom.pl/pl/oferta/mieszkanie-50m2-2-pokoje-3-3-loggia-ID4u4ft,Mieszkanie 50m2 2 pokoje 3/3 Loggia,2025_01_05
https://www.otodom.pl/pl/oferta/mieszkanie-dwupokojowe-przy-metro-dworzec-gdanski-ID4u6zQ,Mieszkanie dwupokojowe przy Metro Dworzec Gdański,2025_01_05
https://www.otodom.pl/pl/oferta/nowoczesne-2-pokojowe-mieszkanie-na-osiedlu-saska-ID4u6zd,Nowoczesne 2-pokojowe mieszkanie na Osiedlu Saska,2025_01_05
https://www.otodom.pl/pl/oferta/2-pokojowe-mieszkanie-na-dolnym-mokotowie-ID4u6zg,2-pokojowe mieszkanie na Dolnym Mokotowie,2025_01_05
https://www.otodom.pl/pl/oferta/grenadierow-waszyngtona-2-niezalezne-pokoje-ID4u6yy,Grenadierów/Waszyngtona - 2 niezależne pokoje,2025_01_05
https://www.otodom.pl/pl/oferta/sienna-wola-2-niezalezne-pokoje-ID4u6yB,"Sienna -Wola, 2 niezależne pokoje",2025_01_05
https://www.otodom.pl/pl/oferta/przestronny-apartament-w-centrum-warszawy-ID4u6xW,Przestronny apartament w centrum Warszawy,2025_01_05
https://www.otodom.pl/pl/oferta/wynajme-4-pok-mieszkanie-z-miejscem-parkingowym-ID4u6xR,Wynajmę 4-pok. mieszkanie z miejscem parkingowym,2025_01_05
https://www.otodom.pl/pl/oferta/mieszkanie-ul-bonifraterska-2-pokoje-bez-czynszu-ID4u6xy,Mieszkanie ul Bonifraterska 2 pokoje -bez czynszu,2025_01_05
https://www.otodom.pl/pl/oferta/2-pokojowe-mieszkanie-na-mokotowie-ID4u6xE,2-pokojowe mieszkanie na Mokotowie,2025_01_05
https://www.otodom.pl/pl/oferta/mieszkanie-30-m-warszawa-ID4u6xk,"Mieszkanie, 30 m², Warszawa",2025_01_05
https://www.otodom.pl/pl/oferta/sprzedam-mieszkanie-warszawa-okolice-arkadii-ID4u6xl,sprzedam mieszkanie Warszawa okolice Arkadii,2025_01_05
https://www.otodom.pl/pl/oferta/pole-mokotowskie-piwnica-blisko-metra-ID4u6xi,Pole Mokotowskie|Piwnica| Blisko Metra,2025_01_05
https://www.otodom.pl/pl/oferta/sloneczna-kawalerka-do-wynajecia-we-wlochach-ID4u6x4,Słoneczna kawalerka do wynajęcia we Włochach,2025_01_05
https://www.otodom.pl/pl/oferta/zadbane-dwa-pokoje-blisko-fortu-bema-garaz-ID4u6vL,"Zadbane Dwa Pokoje Blisko Fortu Bema, Garaż",2025_01_05
https://www.otodom.pl/pl/oferta/2-pokojowy-apartament-premium-na-ochocie-ID4u6vJ,2-Pokojowy Apartament Premium Na Ochocie,2025_01_05
https://www.otodom.pl/pl/oferta/wola-jana-kazimierza-2-pokoje-garaz-balkon-ID4u6wh,"Wola, Jana Kazimierza, 2 pokoje, garaż, balkon",2025_01_05
https://www.otodom.pl/pl/oferta/2-pok-40m2-z-ogrodkiem-komorka-garaz-mokotow-ID4u6w1,"2 pok. 40m2 z OGRÓDKIEM -komórka, garaż - Mokotów",2025_01_05
https://www.otodom.pl/pl/oferta/mieszkanie-na-woli-2-oddzielne-pokoje-ID4u6uQ,Mieszkanie Na Woli | 2 Oddzielne Pokoje,2025_01_05
https://www.otodom.pl/pl/oferta/eleganckie-50-m2-taras-20-m2-i-balkon-2005-rok-ID4u3p4,Eleganckie 50 m2 + taras 20 m2 i balkon 2005 rok,2025_01_05
https://www.otodom.pl/pl/oferta/sprawdzustawne-2-pokoje-w-sercu-tarchomina-ID4u6uv,✅Sprawdź>>>ustawne 2 pokoje w sercu Tarchomina,2025_01_05
https://www.otodom.pl/pl/oferta/top-lokalizacja-balkon-umeblowane-ID4u6tS,TOP lokalizacja / balkon / umeblowane,2025_01_05
https://www.otodom.pl/pl/oferta/2-pokojowe-mieszkanie-55m2-ul-gieldowa-ID4u6tm,"2-pokojowe mieszkanie, 55m2, ul. Giełdowa",2025_01_05
https://www.otodom.pl/pl/oferta/2-pokoje-do-wprowadzenia-srodmiescie-ID4u6tg,2 Pokoje | Do Wprowadzenia | Śródmieście,2025_01_05
https://www.otodom.pl/pl/oferta/mieszkanie-74-50-m-warszawa-ID4u6t8,"Mieszkanie, 74,50 m², Warszawa",2025_01_05
https://www.otodom.pl/pl/oferta/3-pokoje-z-garazem-komorka-bohema-nowa-praga-ID4u6sY,"3 Pokoje Z Garażem, Komórką, Bohema, Nowa Praga",2025_01_05
https://www.otodom.pl/pl/oferta/3-pokoje-na-dolnym-mokotowie-ul-ludowa-ID4u6so,3 Pokoje na Dolnym Mokotowie/ul.Ludowa,2025_01_05
https://www.otodom.pl/pl/oferta/rozkladowe-2-pok-z-loggia-przy-parku-brodnowskim-ID4u6se,Rozkładowe 2 Pok. Z Loggią Przy Parku Bródnowskim,2025_01_05
https://www.otodom.pl/pl/oferta/mieszkanie-w-eleganckiej-kamienicy-obok-vitkaca-ID.4u6E4,,2025_01_05
https://www.otodom.pl/pl/oferta/soho-2-pok-z-balkonem-i-garazem-ID4u6ea,SOHO 2 pok. z balkonem i garażem,2025_01_05
https://www.otodom.pl/pl/oferta/wynajme-3-pokojowe-mieszkanie-j-kazimierza-12-ID4u4Ov,Wynajmę 3-pokojowe mieszkanie J.Kazimierza 12,2025_01_05
https://www.otodom.pl/pl/oferta/ochota-rakowiec-2-pokoje-kuchnia-2-balkony-ID4u6rS,OCHOTA RAKOWIEC: 2 pokoje + kuchnia + 2 balkony -,2025_01_05
https://www.otodom.pl/pl/oferta/dla-singla-dla-studentki-kawalerka-saska-kepa-ID4u6rs,Dla Singla | Dla Studentki Kawalerka Saska Kępa,2025_01_05
https://www.otodom.pl/pl/oferta/nowe-mieszkanie-z-tarasem-ID4u6rf,Nowe mieszkanie z tarasem,2025_01_05
https://www.otodom.pl/pl/oferta/wynajme-2-oddzielne-pokoje-bemowo-metro-ID4u6re,"Wynajmę 2 Oddzielne Pokoje, Bemowo, Metro",2025_01_05
https://www.otodom.pl/pl/oferta/nowe-agd-lozko-z-materacem-piwnica-metro-15min-ID4u6ra,"Nowe AGD, łóżko z materacem/ piwnica/ Metro 15min.",2025_01_05
https://www.otodom.pl/pl/oferta/z-duzym-ogrodkiem-komorka-lokarorska-i-garazem-ID4u6qQ,"Z Dużym Ogródkiem, Komórką Lokarorską I Garażem",2025_01_05
https://www.otodom.pl/pl/oferta/metro-stoklosy-ciche-wygodne-ID4u6qq,"Metro Stokłosy, ciche, wygodne!",2025_01_05
https://www.otodom.pl/pl/oferta/przestronny-apartament-z-ogrodem-wislany-mokotow-ID4u6qj,Przestronny apartament z ogrodem - Wiślany Mokotów,2025_01_05
https://www.otodom.pl/pl/oferta/klimatyzacja-zamkniete-osiedle-ID4u6qi,Klimatyzacja | Zamknięte osiedle,2025_01_05
https://www.otodom.pl/pl/oferta/3-pokoje-z-garazem-komorka-sady-zoliborskie-ID4u6q4,"3 Pokoje Z Garażem, Komórką, Sady Żoliborskie",2025_01_05
https://www.otodom.pl/pl/oferta/2-pokojowe-mieszkanie-warzelnicza-bialoleka-ID4u5tQ,"2 pokojowe mieszkanie, Warzelnicza, Białołęka",2025_01_05
https://www.otodom.pl/pl/oferta/komfortowe-i-jasne-45-8-m2-kolo-metra-szwedzka-ID4u6p7,"Komfortowe i jasne 45,8 m2 koło metra Szwedzka",2025_01_05
https://www.otodom.pl/pl/oferta/do-wynajecia-3-pokojowe-mieszkanie-ID4u6p4,Do wynajęcia 3-pokojowe mieszkanie,2025_01_05
https://www.otodom.pl/pl/oferta/calkowicie-nowe-2-pokojowe-mieszkanie-urugwajska-ID4u6oo,"CAŁKOWICIE NOWE, 2 pokojowe mieszkanie- URUGWAJSKA",2025_01_05
https://www.otodom.pl/pl/oferta/gustowne-wygodne-4-pokojowe-mieszkanie-z-garazem-ID4u6oq,Gustowne wygodne 4 pokojowe mieszkanie z garażem,2025_01_05
https://www.otodom.pl/pl/oferta/2-pok-mieszkanie-na-gornym-mokotowe-ID4u6nD,2 Pok Mieszkanie Na Górnym Mokotowe,2025_01_05
https://www.otodom.pl/pl/oferta/ciche-m2-oddzielna-kuchnia-park-bez-prowizji-ID4u3Is,"Ciche M2, oddzielna kuchnia, park - bez prowizji",2025_01_05
https://www.otodom.pl/pl/oferta/piekne-wschody-i-zachody-slonca-czynsz-w-cenie-ID4u6nj,Piękne wschody i zachody słońca! Czynsz w cenie.,2025_01_05
https://www.otodom.pl/pl/oferta/mieszkanie-55-m-warszawa-ID4u6nh,"Mieszkanie, 55 m², Warszawa",2025_01_05
https://www.otodom.pl/pl/oferta/mieszkanie-67-m-warszawa-ID4u6ne,"Mieszkanie, 67 m², Warszawa",2025_01_05
https://www.otodom.pl/pl/oferta/mieszkanie-190-m-warszawa-ID4u6nf,"Mieszkanie, 190 m², Warszawa",2025_01_05
https://www.otodom.pl/pl/oferta/nowe-2-pokojowe-mieszkanie-blisko-centrum-ID4u6n0,Nowe 2 Pokojowe Mieszkanie Blisko Centrum,2025_01_05
https://www.otodom.pl/pl/oferta/dolny-mokotow-3-pokoje-wynajme-ID4u6my,"Dolny Mokotów 3 pokoje, wynajmę",2025_01_05
https://www.otodom.pl/pl/oferta/mieszkanie-107-mkw-3-pokoje-ochota-zapraszamy-ID4u6mC,"Mieszkanie 107 mkw, 3 pokoje, Ochota, zapraszamy",2025_01_05
https://www.otodom.pl/pl/oferta/kawalerka-z-antresola-xix-wieczna-kamienica-ID4u6mB,"Kawalerka Z Antresolą, Xix - Wieczna Kamienica.",2025_01_05
https://www.otodom.pl/pl/oferta/atrakcyjne-3-pokojowe-na-zoliborzu-artystycznym-ID4u6m5,Atrakcyjne 3-pokojowe na Żoliborzu Artystycznym,2025_01_05
https://www.otodom.pl/pl/oferta/mieszkanie-ze-swietnym-widokiem-2-sypialnie-ID4u4vN,Mieszkanie Ze Świetnym Widokiem | 2 Sypialnie,2025_01_05
https://www.otodom.pl/pl/oferta/2-pokojowe-mieszkanie-w-srodmiesciu-ID4u6lN,2-Pokojowe Mieszkanie W Środmieściu,2025_01_05
https://www.otodom.pl/pl/oferta/lux-3-pokojowy-apartament-2-miejsca-garazowe-ID4u6lB,Lux - 3 pokojowy apartament + 2 miejsca garażowe,2025_01_05
https://www.otodom.pl/pl/oferta/2-lazienki-garaz-m-parkingowe-komorka-winda-ID4u6kr,"2 łazienki, garaż + m. parkingowe, komórka, winda",2025_01_05
https://www.otodom.pl/pl/oferta/mieszkanie-na-ursusie-wiktoryn-6-ID4u6jM,mieszkanie na Ursusie – Wiktoryn 6,2025_01_05
https://www.otodom.pl/pl/oferta/tuz-przy-lesie-odswiezone-parking-garderoba-ID4u6jS,Tuż Przy Lesie | Odświeżone | Parking | Garderoba,2025_01_05
https://www.otodom.pl/pl/oferta/dostepne-od-zaraz-ogrod-po-remoncie-ID4u6jA,Dostępne od zaraz-Ogród-Po remoncie,2025_01_05
https://www.otodom.pl/pl/oferta/mieszkanie-2-pokojowe-na-woli-ID4u6jh,Mieszkanie 2-Pokojowe Na Woli,2025_01_05
https://www.otodom.pl/pl/oferta/2-pok-mieszkanie-w-cichej-okolicy-ID4u6jd,2 Pok Mieszkanie W Cichej Okolicy,2025_01_05
https://www.otodom.pl/pl/oferta/ochota-rakowiec-2-pokoje-kuchnia-2-balkony-ID.4u6rS,,2025_01_05
https://www.otodom.pl/pl/oferta/mieszkanie-na-ursusie-wiktoryn-6-ID4u6bh,mieszkanie na Ursusie – Wiktoryn 6,2025_01_05
https://www.otodom.pl/pl/oferta/nowoczesne-mieszkanie-blisko-starego-miasta-ID4u6jg,Nowoczesne Mieszkanie Blisko Starego Miasta,2025_01_05
https://www.otodom.pl/pl/oferta/wynajme-2-pokoje-kabaty-ul-iwanowa-szajnowicza-ID4u6iY,"Wynajmę 2 pokoje, Kabaty, ul. Iwanowa-Szajnowicza",2025_01_05
https://www.otodom.pl/pl/oferta/2-pok-obok-norblina-i-browarow-warszawskich-ID4u6iG,2-Pok. Obok Norblina I Browarów Warszawskich,2025_01_05
https://www.otodom.pl/pl/oferta/komfortowe-2-pokojowe-mieszkanie-do-wynajecia-ID4u6ip,Komfortowe 2-pokojowe mieszkanie do wynajęcia,2025_01_05
https://www.otodom.pl/pl/oferta/przytulne-mieszkanie-do-wynajecia-praga-polnoc-ID4u6hG,Przytulne mieszkanie do wynajęcia-Praga Północ,2025_01_05
https://www.otodom.pl/pl/oferta/3-pokoje-nowe-bez-mebli-bez-prowizji-centrum-ID4u6hA,3 Pokoje| Nowe| Bez Mebli| Bez prowizji| Centrum,2025_01_05
https://www.otodom.pl/pl/oferta/komfortowe-m3-targowek-metro-trocka-bez-prowizji-ID4u6hm,"Komfortowe M3 Targówek, Metro Trocka- Bez prowizji",2025_01_05
https://www.otodom.pl/pl/oferta/wygodne-3-pokoje-tuz-przy-metrze-i-przy-parku-ID4u6hd,Wygodne 3 Pokoje Tuż Przy Metrze I Przy Parku,2025_01_05
https://www.otodom.pl/pl/oferta/centrum-kamienica-nowe-promocja-0-bez-mebli-ID4u6ez,Centrum| Kamienica| Nowe| Promocja| 0%| Bez mebli,2025_01_05
https://www.otodom.pl/pl/oferta/nowoczesne-2-pokoje-1-34-m-ID4u6ed,Nowoczesne 2 Pokoje 1 34 M,2025_01_05
https://www.otodom.pl/pl/oferta/2-osobne-pokoje-oddzielna-kuchnia-nieopodal-metro-ID4u6dF,2 Osobne Pokoje Oddzielna kuchnia. Nieopodal Metro,2025_01_05
https://www.otodom.pl/pl/oferta/ladne-mieszkanie-obrzezna-osiedle-hubertus-ID4u6dx,Ładne mieszkanie/ Obrzeżna/ Osiedle Hubertus,2025_01_05
https://www.otodom.pl/pl/oferta/pokoj-w-centrum-ul-zurawia-ID4u6dw,Pokój w Centrum ul. Żurawia,2025_01_05
https://www.otodom.pl/pl/oferta/mieszkanie-2-pokojowe-mokotow-ID4u66L,Mieszkanie 2-Pokojowe Mokotów,2025_01_05
https://www.otodom.pl/pl/oferta/mieszkanie-2-pok-55m2-przy-zwyciezcow-4a-ID4u66H,"Mieszkanie 2 pok, 55m2 przy Zwyciezców 4a",2025_01_05
https://www.otodom.pl/pl/oferta/ursus-orlat-lwowskich-56-najem-lokalu-ID4u65I,"Ursus, Orląt Lwowskich 56, najem lokalu",2025_01_05
https://www.otodom.pl/pl/oferta/piekny-apartament-25-pietro-cosmopolitan-ID4u65z,"Piękny apartament, 25. Piętro, Cosmopolitan",2025_01_05
https://www.otodom.pl/pl/oferta/luksusowy-apartament-kameralne-osiedle-ochrona-ID4u64M,"Luksusowy apartament, kameralne osiedle, Ochrona",2025_01_05
https://www.otodom.pl/pl/oferta/bezposrednio-nowe-garaz-balkon-zwierzeta-ok-ID4u64L,"BEZPOŚREDNIO Nowe, garaż, balkon, zwierzęta OK!",2025_01_05
https://www.otodom.pl/pl/oferta/wyjatkowy-apartament-centrum-105m2-ID4u63O,Wyjątkowy APARTAMENT | Centrum | 105m2,2025_01_05
https://www.otodom.pl/pl/oferta/bezposrednio-nowe-garaz-balkon-zwierzeta-ok-ID4u63C,"BEZPOŚREDNIO Nowe, garaż, balkon, zwierzęta OK!",2025_01_05
https://www.otodom.pl/pl/oferta/2-pokojowe-mieszkanie-na-srodmiesciu-ID4u61I,2 Pokojowe Mieszkanie Na Śródmieściu,2025_01_05
https://www.otodom.pl/pl/oferta/wynajme-dwupokojowe-mieszkanie-w-wilanowie-na-ulic-ID4u61v,Wynajmę dwupokojowe mieszkanie w Wilanowie na ulic,2025_01_05
https://www.otodom.pl/pl/oferta/3-pokojowy-apartament-na-prestizowym-osiedlu-ID4u61h,3 Pokojowy Apartament Na Prestiżowym Osiedlu,2025_01_05
https://www.otodom.pl/pl/oferta/luxury-apartment-top-prestige-location-ID4u60Y,Luxury Apartment &Top & Prestige Location,2025_01_05
https://www.otodom.pl/pl/oferta/wola-mieszkanie-2-pokojowe-z-parkingiem-ID4u60N,Wola mieszkanie 2 pokojowe z parkingiem,2025_01_05
https://www.otodom.pl/pl/oferta/kabaty-al-ken-3-pokoje-91-m2-garaz-ID4u5ZB,"Kabaty al. KEN , 3 pokoje , 91 m2 + garaż",2025_01_05
https://www.otodom.pl/pl/oferta/w-pelni-wyposazone-nowe-ID4u60c,"W pełni wyposażone, nowe!",2025_01_05
https://www.otodom.pl/pl/oferta/restauracentrumprestizowa-inwestycja-ID4u601,*restaura*centrum*prestiżowa inwestycja*,2025_01_05
https://www.otodom.pl/pl/oferta/apartment-2-bedrooms-2-x-parking-ac-ID4u5ZF,Apartment | 2 Bedrooms | 2 X Parking | Ac,2025_01_05
https://www.otodom.pl/pl/oferta/3-pokojowe-mieszkanie-warszawa-ursynow-ID4u5Zs,3-pokojowe mieszkanie -Warszawa/Ursynów,2025_01_05
https://www.otodom.pl/pl/oferta/dwupoziomowy-apartament-w-kamienicy-z-ogrodem-100m-ID4u5Ze,Dwupoziomowy apartament w kamienicy z ogrodem 100m,2025_01_05
https://www.otodom.pl/pl/oferta/apartament-z-ogrodkiem-prestige-ochrona-24-7-ID4u5Zh,Apartament z ogródkiem&Prestige&Ochrona 24/7,2025_01_05
https://www.otodom.pl/pl/oferta/nowoczesne-mieszkanie-blisko-starego-miasta-ID.4u6jg,,2025_01_05
https://www.otodom.pl/pl/oferta/nowe-piekne-mieszkanie-wola-wysoki-standard-ID4u5Lz,Nowe piękne mieszkanie Wola- wysoki standard,2025_01_05
https://www.otodom.pl/pl/oferta/3-pokojowe-po-remoncie-przy-dworcu-wilenskim-ID4u3Rk,3-pokojowe po remoncie przy Dworcu Wileńskim,2025_01_05
https://www.otodom.pl/pl/oferta/do-wynajecia-nowoczesne-dwa-pokoje-mokotow-ID4u5Zd,Do Wynajęcia Nowoczesne Dwa Pokoje Mokotów,2025_01_05
https://www.otodom.pl/pl/oferta/park-klimatyzacja-miejsce-postojowe-ID4u5YT,Park | klimatyzacja | miejsce postojowe,2025_01_05
https://www.otodom.pl/pl/oferta/1-pok-30m2-centrum-ul-koszykowa-park-ujazdowski-ID4u5YB,"1 pok,30m2,Centrum,ul. Koszykowa /Park Ujazdowski",2025_01_05
https://www.otodom.pl/pl/oferta/przestronne-i-jasne-mieszkanie-3-pok-75m2-ID4u5Xw,Przestronne i jasne mieszkanie 3 pok / 75m2,2025_01_05
https://www.otodom.pl/pl/oferta/2-pokoje-elektrownia-powisle-garaz-metro-ID4u5Xj,2 pokoje/ Elektrownia Powiśle/ Garaż/ Metro,2025_01_05
https://www.otodom.pl/pl/oferta/kamienica-topowa-lokalizacja-dostepne-od-zaraz-ID4u5Xe,Kamienica | Topowa Lokalizacja | Dostępne Od Zaraz,2025_01_05
https://www.otodom.pl/pl/oferta/nowe-mieszkanie-kolo-promenadyklimatyzacja-ID4u5VM,Nowe mieszkanie koło Promenady(klimatyzacja),2025_01_05
https://www.otodom.pl/pl/oferta/4-pokojowe-z-miejscem-postojowym-w-garazu-ID4u5WV,"4 pokojowe, z miejscem postojowym w garażu",2025_01_05
https://www.otodom.pl/pl/oferta/mokotow-wierzbno-pokoj-z-kuchnia-wierzbno-ID4u5TR,"Mokotów Wierzbno, pokój z kuchnią Wierzbno",2025_01_05
https://www.otodom.pl/pl/oferta/saska-kepa-4-pok-apartament-z-kominkiem-i-tarasem-ID4u5U4,SASKA KĘPA 4-pok. apartament z kominkiem i tarasem,2025_01_05
https://www.otodom.pl/pl/oferta/kabaty-2-pok-48m-meble-ciche-winda-okazja-ID4u5TZ,Kabaty 2 pok. 48m meble Ciche winda Okazja,2025_01_05
https://www.otodom.pl/pl/oferta/mieszkanie-do-wynajecia-mokotow-ID4u5TL,Mieszkanie Do Wynajęcia Mokotów,2025_01_05
https://www.otodom.pl/pl/oferta/wola-przy-metrze-3-pokoje-near-metro-3-room-ac-ID4u5Tn,Wola przy metrze 3 pokoje | near metro 3 room AC,2025_01_05
https://www.otodom.pl/pl/oferta/zadbane-mieszkanie-w-dobrej-lokalizacji-ID4u5Tk,Zadbane mieszkanie w dobrej lokalizacji,2025_01_05
https://www.otodom.pl/pl/oferta/ul-przasnyska-zoliborz-blisko-westfield-arkadia-ID4u5SZ,Ul.przasnyska Żoliborz Blisko Westfield Arkadia,2025_01_05
https://www.otodom.pl/pl/oferta/swiezo-wykonczone-mieszkanie-do-najmu-ID4u5SJ,Świeżo wykończone mieszkanie do najmu,2025_01_05
https://www.otodom.pl/pl/oferta/wynajem-osiedle-mangalia-2-pokoje-ID4u5RY,Wynajem/ Osiedle Mangalia/ 2- pokoje,2025_01_05
https://www.otodom.pl/pl/oferta/sloneczne-mieszkanie-z-duzym-balkonem-basen-ID4u5RG,Słoneczne mieszkanie z dużym balkonem + basen,2025_01_05
https://www.otodom.pl/pl/oferta/srodmiescie-38m2-2-pokoje-balkon-ID4u5QM,Śródmieście | 38M2 | 2 Pokoje | Balkon,2025_01_05
https://www.otodom.pl/pl/oferta/wygodne-umeblowane-2-pokoje-z-tarasem-i-garazem-ID4u5Q6,"Wygodne , umeblowane 2 pokoje z tarasem i garażem",2025_01_05
https://www.otodom.pl/pl/oferta/m1-balkon-obok-park-szczesliwicki-bez-prowizji-ID4u40l,"M1, balkon, obok Park Szczęśliwicki - bez prowizji",2025_01_05
https://www.otodom.pl/pl/oferta/m3-z-balkonem-i-garazem-pkp-rakowiec-bez-prowizji-ID4u44J,"M3 z balkonem i garażem, PKP Rakowiec-bez prowizji",2025_01_05
https://www.otodom.pl/pl/oferta/wynajme-miszkanie-na-kabatach-ID4u5PB,wynajmę miszkanie na Kabatach,2025_01_05
https://www.otodom.pl/pl/oferta/z-miejscem-postojowym-blisko-metra-galerii-mokot-ID4u5Pm,"Z Miejscem Postojowym, Blisko Metra, Galerii Mokot",2025_01_05
https://www.otodom.pl/pl/oferta/wilanow-73-m2-3-pokoje-3-bedrooms-ID4u5P5,Wilanow 73 m2 (3 pokoje + /3 bedrooms +),2025_01_05
https://www.otodom.pl/pl/oferta/2-pokoje-bezposrednio-od-wlasciciela-ul-karolkowa-ID4u5OS,2 pokoje bezpośrednio od właściciela ul. Karolkowa,2025_01_05
https://www.otodom.pl/pl/oferta/pl-bankowy-3-pok-ul-nowolipki-ID4u5LS,Pl. Bankowy - 3 Pok - Ul. Nowolipki,2025_01_05
https://www.otodom.pl/pl/oferta/trzy-pokoje-z-tarasem-15m2-ID4u5Lc,Trzy pokoje z tarasem 15m2!,2025_01_05
https://www.otodom.pl/pl/oferta/2-pokoje-ursus-ID4u5Kd,2 pokoje Ursus,2025_01_05
https://www.otodom.pl/pl/oferta/kameralny-segment-o-wyjatkowym-rozkladzie-mokotow-ID4u5JE,"Kameralny segment o wyjątkowym rozkładzie, Mokotów",2025_01_05
https://www.otodom.pl/pl/oferta/mieszkanie-90-m-warszawa-ID4u5JM,"Mieszkanie, 90 m², Warszawa",2025_01_05
https://www.otodom.pl/pl/oferta/nowoczesna-kawalerka-z-ogrodkiem-i-parkingiem-ID4u5IZ,Nowoczesna kawalerka z ogródkiem i parkingiem,2025_01_05
https://www.otodom.pl/pl/oferta/mieszkanie-ul-lamana-swietny-dojazd-do-centrum-ID4u5II,"Mieszkanie ul. Łamana, świetny dojazd do centrum",2025_01_05
https://www.otodom.pl/pl/oferta/kawalerka-18-m2-stara-ochota-ID4u5Ik,Kawalerka 18 m2 Stara Ochota,2025_01_05
https://www.otodom.pl/pl/oferta/naruszewicza-metro-wierzbno-jasne-wnetrza-ID4u5Ig,naruszewicza | metro wierzbno | jasne wnętrza,2025_01_05
https://www.otodom.pl/pl/oferta/do-wynajecia-nowoczesne-dwa-pokoje-mokotow-ID.4u5Zd,,2025_01_05
https://www.otodom.pl/pl/oferta/piekne-mieszkanie-33-m-kw-z-balkonem-klobucka-6-ID4u5yK,"Piękne mieszkanie 33 m kw z balkonem, Kłobucka 6",2025_01_05
https://www.otodom.pl/pl/oferta/dwupokojowe-na-zoliborzu-klimatyzacja-garaz-ID4u5lv,"Dwupokojowe na Żoliborzu, klimatyzacja, garaż",2025_01_05
https://www.otodom.pl/pl/oferta/przytulna-kawalerka-na-bielanach-czechowa-2-ID4u4WO,"Przytulna kawalerka na Bielanach, Czechowa 2",2025_01_05
https://www.otodom.pl/pl/oferta/2-pokojowe-mieszkanie-na-wynajem-wlochy-ID4u5I7,2-pokojowe mieszkanie na wynajem - Włochy,2025_01_05
https://www.otodom.pl/pl/oferta/atrakcyjne-trzypokojowe-mieszkanie-saska-kepa-ID4u5HZ,Atrakcyjne trzypokojowe mieszkanie Saska Kępa,2025_01_05
https://www.otodom.pl/pl/oferta/2-pokoje-na-saskiej-kepie-ul-adampolska-ID4u5HU,2 Pokoje na Saskiej Kępie/ul.Adampolska,2025_01_05
https://www.otodom.pl/pl/oferta/zamieszkaj-w-ladym-m2-z-balkonem-bez-prowizji-ID4u5HS,Zamieszkaj w ładym M2 z balkonem -Bez prowizji,2025_01_05
https://www.otodom.pl/pl/oferta/kameralne-2-pok-wyszogrodzka-park-brodnowski-ID4u5GF,Kameralne 2 pok. => Wyszogrodzka Park Bródnowski !,2025_01_05
https://www.otodom.pl/pl/oferta/siedlecka-dwa-pokoje-z-oddzielna-kuchnia-ID4u5GE,Siedlecka dwa pokoje z oddzielną kuchnią,2025_01_05
https://www.otodom.pl/pl/oferta/2-pok-bronikowskiego-przy-metrze-ID4u5GD,2 Pok. Bronikowskiego przy metrze,2025_01_05
https://www.otodom.pl/pl/oferta/nowe-studio-13m2-ul-tytoniowa-1-faktura-ID4u5GC,"Nowe Studio 13m2 ul. Tytoniowa 1, Faktura",2025_01_05
https://www.otodom.pl/pl/oferta/apartamenty-dla-studentow-ogolnodostepna-silowni-ID4u5GB,Apartamenty dla studentów - ogólnodostępna siłowni,2025_01_05
https://www.otodom.pl/pl/oferta/apartamenty-dla-studentow-bez-prowizji-ID4u5Gz,Apartamenty dla studentów - bez prowizji!,2025_01_05
https://www.otodom.pl/pl/oferta/apartamenty-dla-studentow-bez-prowizji-aktualne-ID4u5Gy,Apartamenty dla studentów - Bez Prowizji Aktualne,2025_01_05
https://www.otodom.pl/pl/oferta/2-oddzielne-pokoje-56m2-mokotow-grottgera-ID4u5Gv,2 oddzielne pokoje | 56m2 | Mokotów Grottgera,2025_01_05
https://www.otodom.pl/pl/oferta/3-pokoje-z-balkonem-pierwszy-najemca-minska-69-ID4u5Gu,3 pokoje z balkonem | Pierwszy najemca | Mińska 69,2025_01_05
https://www.otodom.pl/pl/oferta/aleja-wilanowska-4-pokoje-115-m2-2-balkony-2-ID4u5Gw,Aleja Wilanowska | 4 Pokoje 115 m2 + 2 Balkony | 2,2025_01_05
https://www.otodom.pl/pl/oferta/wilenska-praga-polnoc-metro-ID4u5Gs,Wileńska | Praga Północ | metro,2025_01_05
https://www.otodom.pl/pl/oferta/ladne-mieszkanie-do-wynajecia-50m2-bemowo-ul-czumy-ID4u5G7,Ładne mieszkanie do wynajęcia 50m2 Bemowo ul.Czumy,2025_01_05
https://www.otodom.pl/pl/oferta/ladne-m2-z-widokiem-na-warszawe-bez-prowizji-ID4u5FZ,Ładne M2 z widokiem na Warszawę- Bez prowizji,2025_01_05
https://www.otodom.pl/pl/oferta/nowoczesne-sloneczne-2-pokojowe-mieszkanie-ID4u5FR,"Nowoczesne, słoneczne, 2-pokojowe mieszkanie",2025_01_05
https://www.otodom.pl/pl/oferta/mieszkanie-rakowiec-50m-ID4u5FN,Mieszkanie Rakowiec 50m²,2025_01_05
https://www.otodom.pl/pl/oferta/2-pokoje-kuchnia-metro-raclawicka-ID4u5FF,2 pokoje + kuchnia | Metro Racławicka,2025_01_05
https://www.otodom.pl/pl/oferta/apartament-z-garazem-stare-bielany-ID4u5FK,Apartament z garażem. Stare Bielany,2025_01_05
https://www.otodom.pl/pl/oferta/apartament-48-m2-z-tarasem-miasteczko-wilanow-ID4u5E0,"Apartament 48 m2 z tarasem, Miasteczko Wilanów",2025_01_05
https://www.otodom.pl/pl/oferta/kochanowskiego-ID4u5DU,Kochanowskiego,2025_01_05
https://www.otodom.pl/pl/oferta/mieszkanie-z-2-sypialnami-na-mokotowie-ID4u5DK,Mieszkanie z 2 sypialnami na Mokotowie,2025_01_05
https://www.otodom.pl/pl/oferta/kawalerka-na-olbrachta-ID4u5DG,Kawalerka na Olbrachta,2025_01_05
https://www.otodom.pl/pl/oferta/stylowy-apartament-na-wilanowie-ID4u5DI,Stylowy apartament na Wilanowie,2025_01_05
https://www.otodom.pl/pl/oferta/eleganckie-mieszkanie-60m2-duzy-balkon-sadyba-ID4u5Dz,"Eleganckie mieszkanie 60m2, duży balkon, Sadyba",2025_01_05
https://www.otodom.pl/pl/oferta/kabaty-dwustronne-taras-balkon-garaz-piwnica-ID4u5Di,"Kabaty, dwustronne, taras, balkon, garaż, piwnica",2025_01_05
https://www.otodom.pl/pl/oferta/kawalerka-na-ochocie-ID4u5Dc,Kawalerka na Ochocie,2025_01_05
https://www.otodom.pl/pl/oferta/mieszkanie-54m2-w-pelni-urzadzone-o-podwyzszonym-s-ID4u5Da,Mieszkanie 54m2 w pełni urządzone o podwyższonym s,2025_01_05
https://www.otodom.pl/pl/oferta/4-niezalezne-pokoje-i-salon-widok-na-panorame-wawy-ID4u5Ch,4 niezależne pokoje i salon widok na panoramę Wawy,2025_01_05
https://www.otodom.pl/pl/oferta/miejsce-postojowe-park-szczesliwicki-wum-i-uw-ID4u5Cf,"Miejsce postojowe! Park Szczęśliwicki, Wum i Uw!",2025_01_05
https://www.otodom.pl/pl/oferta/wlochy-ul-wschodu-slonca-5-pok-88-61-m-2-gaarze-ID4u5Ba,"Włochy ul. Wschodu Słońca, 5 pok. 88,61 m 2 gaarże",2025_01_05
https://www.otodom.pl/pl/oferta/przytulne-2-pokojowe-w-centrum-warszawy-od-zaraz-ID4u5AN,Przytulne 2 Pokojowe W Centrum Warszawy/Od Zaraz,2025_01_05
https://www.otodom.pl/pl/oferta/nowe-mieszkanie-wislany-mokotow-warszawa-ID4u5AD,NOWE mieszkanie Wiślany Mokotów Warszawa,2025_01_05
https://www.otodom.pl/pl/oferta/bezposrednio-odnowione-2-pokojowe-mieszkanie-43-m2-ID4u5zS,Bezpośrednio odnowione 2 pokojowe mieszkanie 43 m2,2025_01_05
https://www.otodom.pl/pl/oferta/2-pokojowe-mieszkanie-na-wynajem-wlochy-ID.4u5I7,,2025_01_05
https://www.otodom.pl/pl/oferta/nowoczesne-studio-na-wynajem-ID4u5zs,Nowoczesne studio na wynajem,2025_01_05
https://www.otodom.pl/pl/oferta/mieszkanie-41-50-m-warszawa-ID4u5za,"Mieszkanie, 41,50 m², Warszawa",2025_01_05
https://www.otodom.pl/pl/oferta/apartament-na-wynajem-na-powislu-ID4u4gF,Apartament na wynajem na Powiślu,2025_01_05
https://www.otodom.pl/pl/oferta/trzypokojowe-na-ostatnim-pietrze-przy-rydygiera-ID4u5yD,trzypokojowe na ostatnim piętrze przy Rydygiera,2025_01_05
https://www.otodom.pl/pl/oferta/mieszkanie-w-wlochach-3-pokoje-najem-okazjonaly-ID4u5yT,"Mieszkanie w Włochach,3 pokoje, najem okazjonaly",2025_01_05
https://www.otodom.pl/pl/oferta/nowoczesne-3-pokoje-dla-pierwszego-najemcy-ID4u5y7,Nowoczesne 3 Pokoje Dla Pierwszego Najemcy,2025_01_05
https://www.otodom.pl/pl/oferta/apartament-loftowy-na-starej-ochocie-ID4u5xc,Apartament loftowy na Starej Ochocie,2025_01_05
https://www.otodom.pl/pl/oferta/wynajme-mieszkanie-po-remoncie-ID4u5vR,Wynajmę mieszkanie po remoncie,2025_01_05
https://www.otodom.pl/pl/oferta/komfortowe-2-pokojowe-wyposazone-mieszkanie-klima-ID4u5x6,Komfortowe 2 pokojowe wyposażone mieszkanie klima,2025_01_05
https://www.otodom.pl/pl/oferta/saska-kepa-parking-taras-garderoba-ID4u5vF,Saska Kępa | Parking | Taras| Garderoba,2025_01_05
https://www.otodom.pl/pl/oferta/bezposrednio-bielany-2-pokoje-blisko-metra-ID4u5wP,"Bezpośrednio, Bielany, 2 pokoje, blisko metra",2025_01_05
https://www.otodom.pl/pl/oferta/wynajme-mieszkanie-jana-kazimierza-na-woli-warszaw-ID4u5ws,Wynajmę mieszkanie Jana Kazimierza na Woli Warszaw,2025_01_05
https://www.otodom.pl/pl/oferta/wynajme-mieszkanie-w-wesolej-67m2-z-parkingiem-ID4u5uS,Wynajmę mieszkanie w Wesołej 67m2 z parkingiem,2025_01_05
https://www.otodom.pl/pl/oferta/wyjatkowe-zoliborz-artystyczny-ID4u5up,"Wyjątkowe, Żoliborz Artystyczny",2025_01_05
https://www.otodom.pl/pl/oferta/apartament-100m2-na-wynajem-widok-zlota-44-ID4u3Qs,Apartament 100m2 na wynajem | WIDOK | Złota 44,2025_01_05
https://www.otodom.pl/pl/oferta/mieszkanie-36-m2-przytulne-przy-hali-mirowskiej-ID4u5sE,"Mieszkanie 36 m2 przytulne, przy Hali Mirowskiej",2025_01_05
https://www.otodom.pl/pl/oferta/pierwszy-najemca-apartament-2-pokoje-metro-kabaty-ID4u5si,Pierwszy Najemca! Apartament 2 pokoje Metro Kabaty,2025_01_05
https://www.otodom.pl/pl/oferta/2-pokojowe-mieszkanie-45m2-z-klimatyzacja-ID4u5rW,2-pokojowe mieszkanie 45m2 z klimatyzacją,2025_01_05
https://www.otodom.pl/pl/oferta/nowoczesny-3-pokojowy-apartament-z-parkingiem-ID4u5rY,Nowoczesny 3-pokojowy apartament z parkingiem,2025_01_05
https://www.otodom.pl/pl/oferta/ladne-dwupokojowe-mieszkanie-na-bielanach-ID4u5rT,Ładne dwupokojowe mieszkanie na Bielanach.,2025_01_05
https://www.otodom.pl/pl/oferta/eleganckie-mieszkanie-w-prestizowym-budynkucentrum-ID4u5rK,Eleganckie mieszkanie w prestiżowym budynkuCENTRUM,2025_01_05
https://www.otodom.pl/pl/oferta/nowoczesne-daszynskiego-warsaw-spire-metro-ID4u5qY,"Nowoczesne, Daszyńskiego, Warsaw Spire, Metro",2025_01_05
https://www.otodom.pl/pl/oferta/wynajem-mieszkanie-ID4u5qu,Wynajem mieszkanie,2025_01_05
https://www.otodom.pl/pl/oferta/2-pokojowe-mieszkanie-na-zoliborzu-ID4u5pJ,2 pokojowe mieszkanie na Żoliborzu,2025_01_05
https://www.otodom.pl/pl/oferta/2-minuty-pieszo-do-metra-marymonty-piekny-widok-ID4u5q9,"2 minuty pieszo do metra MARYMONTY, piękny WIDOK!",2025_01_05
https://www.otodom.pl/pl/oferta/eleganckie-2-pokoje-z-widokiem-na-zielen-ID4u5q5,Eleganckie 2 pokoje z widokiem na zieleń,2025_01_05
https://www.otodom.pl/pl/oferta/okazja-apartament-80mkw-ul-grzybowska-z-tarasem-ID4u5pv,OKAZJA! Apartament 80mkw ul. Grzybowska z tarasem,2025_01_05
https://www.otodom.pl/pl/oferta/wilanow-3-pokoje-50m2-balkon-ID4u5pn,Wilanów 3 pokoje 50m2 balkon,2025_01_05
https://www.otodom.pl/pl/oferta/3-pokojowe-mieszkanie-na-sluzewcu-ID4u5mZ,3 pokojowe mieszkanie na Służewcu,2025_01_05
https://www.otodom.pl/pl/oferta/wlodarzewska-ochota-3-pokoje-66-m2-przestronne-ID4u5od,"Włodarzewska, Ochota, 3 pokoje, 66 m2, przestronne",2025_01_05
https://www.otodom.pl/pl/oferta/nowe-2-pokoje-z-ogrodkiem-saska-kepa-ID4u5oh,"Nowe 2 Pokoje Z Ogródkiem, Saska Kępa",2025_01_05
https://www.otodom.pl/pl/oferta/przestronne-trzy-pokoje-z-piwnica-saska-kepa-ID4u5oi,"Przestronne Trzy Pokoje Z Piwnicą, Saska Kępa",2025_01_05
https://www.otodom.pl/pl/oferta/nowe-2-pokojowe-mieszkanie-przy-ferio-wawer-ID4u3Wr,Nowe 2 pokojowe mieszkanie przy Ferio Wawer,2025_01_05
https://www.otodom.pl/pl/oferta/3-pokojowe-balkon-duze-okna-2-miejsca-parkingowe-ID4u5nG,3 pokojowe balkon duże okna 2 miejsca parkingowe,2025_01_05
https://www.otodom.pl/pl/oferta/apartament-dla-rodziny-3-sypialnie-120-mkw-ID4u5nA,Apartament dla Rodziny | 3 sypialnie | 120 mkw,2025_01_05
https://www.otodom.pl/pl/oferta/nowoczesne-studio-na-wynajem-ID.4u5zs,,2025_01_05
https://www.otodom.pl/pl/oferta/mieszkanie-57-m2-wynajme-warszawa-miedzylesie-ID4u4sV,"Mieszkanie 57 m2 - Wynajmę, Warszawa-Międzylesie",2025_01_05
https://www.otodom.pl/pl/oferta/apartament-w-cichym-centrum-z-widokiem-na-park-ID4u3W0,Apartament w cichym centrum z widokiem na park,2025_01_05
https://www.otodom.pl/pl/oferta/bemowo-chrzanow-3-pokoje-55-m2-nowe-ID4u5mP,"Bemowo - Chrzanów, 3 Pokoje, 55 M2, Nowe",2025_01_05
https://www.otodom.pl/pl/oferta/3-pokojowe-dwustronne-wilanow-sarmacka-ID4u5ln,"3 pokojowe, dwustronne, Wilanów/Sarmacka",2025_01_05
https://www.otodom.pl/pl/oferta/wynajme-mieszkanie-na-mokotowie-ID4u5li,Wynajmę mieszkanie na Mokotowie,2025_01_05
https://www.otodom.pl/pl/oferta/wynajem-apartament-3p-scisle-centrum-garaz-ID4u5lw,Wynajem Apartament 3p. Ścisłe Centrum Garaż,2025_01_05
https://www.otodom.pl/pl/oferta/2-pokoje-przy-arkadii-wysokie-pietro-z-tarasem-ID4u5kx,2 Pokoje Przy Arkadii Wysokie Piętro Z Tarasem,2025_01_05
https://www.otodom.pl/pl/oferta/2-pokojowe-mieszkanie-na-targowku-43m2-ID4u5js,"2 pokojowe mieszkanie na Targówku, 43m2",2025_01_05
https://www.otodom.pl/pl/oferta/wynajme-2-pokojowe-mieszkanie-metro-bemowo-ID4u5j7,Wynajmę 2-pokojowe mieszkanie - Metro Bemowo,2025_01_05
https://www.otodom.pl/pl/oferta/2-pok-mieszkanie-obok-metra-ID4u5jl,2 Pok Mieszkanie Obok Metra,2025_01_05
https://www.otodom.pl/pl/oferta/2-pokoje-z-duzym-balkonem-ID4u5jh,2 pokoje z dużym balkonem,2025_01_05
https://www.otodom.pl/pl/oferta/taras-150m2-unikalny-apartament-basen-ochrona-24-ID4u5j8,Taras 150m2&Unikalny apartament&basen&Ochrona 24/,2025_01_05
https://www.otodom.pl/pl/oferta/mokotow-38m2-2-pokoje-po-remoncie-ID4u5j2,Mokotów | 38M2 | 2 Pokoje | Po Remoncie,2025_01_05
https://www.otodom.pl/pl/oferta/mieszkanie-dwupokojowe-port-praski-ID4u5iL,Mieszkanie dwupokojowe Port Praski,2025_01_05
https://www.otodom.pl/pl/oferta/2-pokojowe-mieszkanie-przy-metro-wilanowska-44m2-ID4u5iV,"2 pokojowe mieszkanie przy Metro Wilanowska, 44m2",2025_01_05
https://www.otodom.pl/pl/oferta/wynajme-mieszkanie-50m-ul-sokratesa-bielany-ID4u5iF,"Wynajmę mieszkanie 50m², ul. Sokratesa, Bielany",2025_01_05
https://www.otodom.pl/pl/oferta/nowe-umeblowane-mieszkanie-do-wynajecia-40m2-garaz-ID4u5iC,nowe umeblowane mieszkanie do wynajęcia 40m2+garaż,2025_01_05
https://www.otodom.pl/pl/oferta/bezposrednio-zoliborz-metro-kawalerka-1-2-osoby-ID4u5if,BEZPOŚREDNIO Żoliborz metro kawalerka 1-2 osoby,2025_01_05
https://www.otodom.pl/pl/oferta/srodmiescie-marszalkowska17-3-pokoje-73m2-parking-ID4u5hU,"Śródmieście,Marszałkowska17,3 pokoje,73m2,Parking",2025_01_05
https://www.otodom.pl/pl/oferta/nowe-ul-herbu-oksza-ID4u5h4,⚡Nowe ⚡ Ul. Herbu Oksza⚡,2025_01_05
https://www.otodom.pl/pl/oferta/forty-bema-2-pokoje-35m2-taras-garaz-ID4u5g9,"Forty Bema 2 pokoje,35m2 taras,garaż",2025_01_05
https://www.otodom.pl/pl/oferta/nowe-m2-z-ogrodkiem-600m-od-stacji-metro-trocka-ID4u5fZ,"Nowe M2 z ogródkiem, 600m od stacji Metro Trocka",2025_01_05
https://www.otodom.pl/pl/oferta/wygodne-mieszkanie-przy-polach-mokotowskich-ID4u5fW,Wygodne Mieszkanie Przy Polach Mokotowskich,2025_01_05
https://www.otodom.pl/pl/oferta/praktyczne-mieszkanie-na-ursynowie-ID4u5fS,Praktyczne mieszkanie na Ursynowie,2025_01_05
https://www.otodom.pl/pl/oferta/piekne-klimatyczne-w-kamienicy-obok-parku-ID4u5fQ,Piękne klimatyczne w kamienicy obok parku,2025_01_05
https://www.otodom.pl/pl/oferta/piekne-klimatyczne-w-kamienicy-obok-parku-ID4u5fM,Piękne klimatyczne w kamienicy obok parku,2025_01_05
https://www.otodom.pl/pl/oferta/zobacz-nowy-apartament-bielany-ID4u5fH,✅Zobacz>>> Nowy apartament Bielany✅,2025_01_05
https://www.otodom.pl/pl/oferta/przestronne-mieszkanie-na-ursynowie-w-super-cenie-ID4u5fv,Przestronne mieszkanie na Ursynowie w super cenie,2025_01_05
https://www.otodom.pl/pl/oferta/nowoczesne-3-pokojowe-mieszkanie-na-osiedlu-wilno-ID4u54N,Nowoczesne 3-pokojowe mieszkanie na osiedlu Wilno,2025_01_05
https://www.otodom.pl/pl/oferta/kawalerka-powisle-z-parkingiem-i-widokiem-na-park-ID4u5dt,Kawalerka Powiśle z parkingiem i widokiem na park,2025_01_05
https://www.otodom.pl/pl/oferta/mieszkanie-50-m2-z-widokiem-siedmiogrodzka-3-ID4u5d4,Mieszkanie 50 m2 z widokiem - Siedmiogrodzka 3,2025_01_05
https://www.otodom.pl/pl/oferta/mieszkanie-do-wynajecia-miasteczko-wilanow-ID4u5cA,"Mieszkanie do wynajęcia, Miasteczko Wilanów",2025_01_05
https://www.otodom.pl/pl/oferta/dwustronne-z-balkonem-i-piwnica-przyjazne-pieskom-ID4u5bI,Dwustronne Z Balkonem I Piwnicą/Przyjazne Pieskom!,2025_01_05
https://www.otodom.pl/pl/oferta/bezposrednio-kawalerka-34m2-zoliborz-ciche-ID4u5bs,Bezpośrednio kawalerka 34m2 żoliborz ciche,2025_01_05
https://www.otodom.pl/pl/oferta/apartament-80m23pokoje-z-garazem-mokotow-ID4u5aJ,"Apartament 80M2(3Pokoje) Z Garażem, Mokotów.",2025_01_05
https://www.otodom.pl/pl/oferta/4-pokojowe-mieszkanie65m2-metro-stoklosy-ID4u5aI,4-Pokojowe Mieszkanie(65M2) Metro Stokłosy,2025_01_05
https://www.otodom.pl/pl/oferta/bemowo-chrzanow-3-pokoje-55-m2-nowe-ID.4u5mP,,2025_01_05
https://www.otodom.pl/pl/oferta/kawalerka-w-samym-centrum-27m-bezposrednio-ID4u59V,Kawalerka w samym centrum 27m - bezpośrednio,2025_01_05
https://www.otodom.pl/pl/oferta/mieszkanie-przy-palacu-kultury-i-nauki-ID4u4nS,Mieszkanie przy Pałacu Kultury i Nauki,2025_01_05
https://www.otodom.pl/pl/oferta/piekne-trzypokojowe-mieszkanie-stare-bielany-ID4u4n7,"Piękne, trzypokojowe mieszkanie - Stare Bielany",2025_01_05
https://www.otodom.pl/pl/oferta/1-pokojowe-32m2-wola-ul-okopowa-zytnia-metro-ID4u5az,"1 pokojowe,32m2,Wola,ul. Okopowa / Żytnia /Metro",2025_01_05
https://www.otodom.pl/pl/oferta/3-pokoje-mokotow-metro-premium-ID4u5as,3 pokoje Mokotów/Metro Premium,2025_01_05
https://www.otodom.pl/pl/oferta/2-pokoje-1-pokoj-blisko-um-bezplatne-parking-ID4u5ar,"2 pokoje + 1 pokój, blisko Um/ bezpłatne parking",2025_01_05
https://www.otodom.pl/pl/oferta/2-pokojowe-mieszkanie-w-zielonym-mokotowie-ID4u5ai,2 Pokojowe Mieszkanie W Zielonym Mokotowie,2025_01_05
https://www.otodom.pl/pl/oferta/piekne-mieszkanie-z-duzym-ogrodkiem-ID4u5aj,Piękne Mieszkanie Z Dużym Ogródkiem,2025_01_05
https://www.otodom.pl/pl/oferta/mokotow-od-zaraz-czynsz-w-cenie-tramwaj-ID4u597,Mokotów | Od zaraz | Czynsz w cenie | Tramwaj,2025_01_05
https://www.otodom.pl/pl/oferta/zobacz3-pokojowe-mieszkanie-na-bielanach-ID4u58I,✅Zobacz>>>3-pokojowe mieszkanie na Bielanach ✅,2025_01_05
https://www.otodom.pl/pl/oferta/nowoczesne-2-pokojowe-z-ogrodkiem-na-zawadach-ID4u57F,Nowoczesne 2-pokojowe z ogródkiem na Zawadach!,2025_01_05
https://www.otodom.pl/pl/oferta/apartament-3-pokoje-ID4u57i,Apartament - 3 pokoje,2025_01_05
https://www.otodom.pl/pl/oferta/2-pokojowe-garaz-loggia-ID4u56N,2-Pokojowe | Garaż | Loggia,2025_01_05
https://www.otodom.pl/pl/oferta/duze-3-pokojowe-z-garazem-od-zaraz-bez-prowizji-ID4u56z,Duże 3 pokojowe z garażem! Od zaraz! BEZ PROWIZJI,2025_01_05
https://www.otodom.pl/pl/oferta/kamienica-kominek-klimatyczne-ciche-balkon-ID4u55f,Kamienica ✨ kominek ✨ klimatyczne ✨ ciche ✨ balkon,2025_01_05
https://www.otodom.pl/pl/oferta/2-pokojowe-mieszkanie-na-srodmiesciu-ID4u555,2 Pokojowe Mieszkanie Na Śródmieściu,2025_01_05
https://www.otodom.pl/pl/oferta/bez-prowizji-dla-rodziny-akceptujemy-zwierzeta-ID4u54R,"Bez Prowizji, Dla Rodziny , Akceptujemy Zwierzęta",2025_01_05
https://www.otodom.pl/pl/oferta/idealne-na-kancelarie-2-pokoje-stary-mokotow-ID4u54A,"Idealne Na Kancelarię, 2 Pokoje Stary Mokotów",2025_01_05
https://www.otodom.pl/pl/oferta/2-pokojowe-mieszkanie-w-sercu-wilanowa-ID4u54l,2 Pokojowe Mieszkanie W Sercu Wilanowa,2025_01_05
https://www.otodom.pl/pl/oferta/duze-2-pok-63m2-na-zoliborzu-ul-gwiazdzista-15-ID4u54m,Duże 2 pok. 63m2 na Żoliborzu ul. Gwiaździsta 15,2025_01_05
https://www.otodom.pl/pl/oferta/designerski-apartament-na-mokotowie-5pokoi-ID4u54i,Designerski apartament na Mokotowie 5pokoi,2025_01_05
https://www.otodom.pl/pl/oferta/przytulne-2-pokoje-marysin-wawerski-ID4u51R,Przytulne 2 pokoje Marysin Wawerski,2025_01_05
https://www.otodom.pl/pl/oferta/bezposrednio-nowe-metro-plocka-ID4u51u,Bezpośrednio/Nowe /Metro Płocka,2025_01_05
https://www.otodom.pl/pl/oferta/atrakcyjne-3-pokoje-przy-parku-szczesliwickim-ID4u3Pd,Atrakcyjne 3 pokoje przy Parku Szczęśliwickim,2025_01_05
https://www.otodom.pl/pl/oferta/stary-zoliborz-gen-jozefa-zajaczka-40-metro-ID4u51G,| Stary Żoliborz | gen. Józefa Zajączka 40 | metro,2025_01_05
https://www.otodom.pl/pl/oferta/przestronne-3-pok-61m2-metro-plac-wilsona-2minuty-ID4u516,Przestronne 3 pok. 61m2 metro Plac Wilsona 2minuty,2025_01_05
https://www.otodom.pl/pl/oferta/apartament-foksal-top-floor-parking-ID4u50U,Apartament Foksal | Top Floor | Parking,2025_01_05
https://www.otodom.pl/pl/oferta/sprawdz-mieszkanie-na-nowym-osiedlu-ID4u50S,✅Sprawdź>>> Mieszkanie na nowym osiedlu!✅,2025_01_05
https://www.otodom.pl/pl/oferta/nowe-2-pokoje-w-swietnej-lokalizacji-srodmiescie-ID4u50u,Nowe 2 pokoje w świetnej lokalizacji / Śródmieście,2025_01_05
https://www.otodom.pl/pl/oferta/2-pokojowe-mieszkanie-z-piwnica-na-wynajem-ID4u4Yl,2 Pokojowe Mieszkanie z piwnicą - Na Wynajem !,2025_01_05
https://www.otodom.pl/pl/oferta/loft-66-m2-garaz-mokotow-woronicza-ID4u50g,Loft | 66 m2 | garaż | Mokotów - Woronicza,2025_01_05
https://www.otodom.pl/pl/oferta/wynajme-bezposrednio-38m-2-pok-meble-pustola-16-ID4u4Zh,"Wynajmę BEZPOŚREDNIO 38m, 2 pok. meble Pustola 16",2025_01_05
https://www.otodom.pl/pl/oferta/do-wynajecia-mieszkanie-na-bartyckiej-ID4u4Ye,Do wynajęcia mieszkanie na Bartyckiej,2025_01_05
https://www.otodom.pl/pl/oferta/3-pokoje-68-m2-garaz-mokotow-woronicza-ID4u4X8,3 pokoje | 68 m2 | garaż | Mokotów - Woronicza,2025_01_05
https://www.otodom.pl/pl/oferta/kawalerka-z-duzym-balkonem-15-minut-od-centrum-ID4u4X4,Kawalerka Z Dużym Balkonem 15 Minut Od Centrum,2025_01_05
https://www.otodom.pl/pl/oferta/studio-scisle-centrum-umeblowane-od-zaraz-ID4u4VX,Studio | Ścisłe Centrum | Umeblowane | Od Zaraz,2025_01_05
https://www.otodom.pl/pl/oferta/mieszkanie-w-odrestaurowanej-kamienicy-na-biuro-ID4u4VV,Mieszkanie W Odrestaurowanej Kamienicy Na Biuro,2025_01_05
https://www.otodom.pl/pl/oferta/widna-kawalerka-idealna-lokalizacja-stary-mokotow-ID4u4Vz,"Widna kawalerka, idealna lokalizacja,Stary Mokotów",2025_01_05
https://www.otodom.pl/pl/oferta/1-pokojowe-32m2-wola-ul-okopowa-zytnia-metro-ID.4u5az,,2025_01_05
https://www.otodom.pl/pl/oferta/biuro-z-klimatyzacja-41m2-ul-chlodna-ID4u4zA,"Biuro z klimatyzacją, 41m2, ul. Chłodna",2025_01_05
https://www.otodom.pl/pl/oferta/zielone-zacisze-mieszkanie-na-wynajem-62-m2-ID4u4mw,Zielone Zacisze mieszkanie na wynajem 62 m2,2025_01_05
https://www.otodom.pl/pl/oferta/przytulna-kawalerka-w-centrum-z-duzym-balkonem-ID4u4WY,Przytulna kawalerka w centrum z dużym balkonem.,2025_01_05
https://www.otodom.pl/pl/oferta/kawalerka-ursynow-sggw-metro-stoklosy-i-imielin-ID4u4WE,"Kawalerka Ursynów SGGW, metro Stokłosy i Imielin",2025_01_05
https://www.otodom.pl/pl/oferta/stary-mokotow-niski-blok-8-minut-od-metra-ID4u4WT,Stary Mokotów_niski blok_ 8 Minut Od Metra,2025_01_05
https://www.otodom.pl/pl/oferta/kawalerka-metro-idealne-dla-1-2-osob-18m2-ID4u4U2,Kawalerka | Metro | Idealne dla 1/ 2 osób | 18m2,2025_01_05
https://www.otodom.pl/pl/oferta/wysoki-standard-loggia-15m2-garaz-nowe-osiedle-ID4u4TL,Wysoki standard_loggia 15m2_garaż_nowe osiedle,2025_01_05
https://www.otodom.pl/pl/oferta/miasteczko-wilanow-ciche-2-pok-50m2-meble-balkon-ID4u4TJ,Miasteczko Wilanów_Ciche_2 Pok_50m2_Meble_Balkon!,2025_01_05
https://www.otodom.pl/pl/oferta/mieszkanie-36-m-warszawa-ID4u4TG,"Mieszkanie, 36 m², Warszawa",2025_01_05
https://www.otodom.pl/pl/oferta/oddzielna-kuchnia-klimatyzacja-rondo-wiatraczna-ID4u4TD,"Oddzielna kuchnia, klimatyzacja, Rondo Wiatraczna!",2025_01_05
https://www.otodom.pl/pl/oferta/stary-zoliborz-2-niezalezne-pokoje-metro-6-minut-ID4u4TC,"Stary Żoliborz 2 niezależne pokoje, Metro 6 minut!",2025_01_05
https://www.otodom.pl/pl/oferta/mieszkanie-3-pokojowe-praga-poludnie-ID4u4Tz,Mieszkanie 3 pokojowe - Praga Południe!,2025_01_05
https://www.otodom.pl/pl/oferta/kawalerka-metro-idealne-dla-1-2-osob-24m2-ID4u4Tt,Kawalerka | Metro | Idealne dla 1/ 2 osób | 24m2,2025_01_05
https://www.otodom.pl/pl/oferta/bezposrednio-2-pok-mieszkanie-rondo-daszynskiego-ID4u4SX,"Bezpośrednio 2 pok. mieszkanie, Rondo Daszyńskiego",2025_01_05
https://www.otodom.pl/pl/oferta/bezposrednio-4-pok-apartament-z-dwoma-tarasami-ID4u4S4,Bezpośrednio 4 pok. apartament z dwoma tarasami,2025_01_05
https://www.otodom.pl/pl/oferta/bezposrednio-48m2-2-pok-blisko-metra-ID4u4Q5,"Bezpośrednio, 48m2, 2 pok., blisko metra",2025_01_05
https://www.otodom.pl/pl/oferta/3-pokojowe-ul-giserska-ursus-z-balkonem-ID4u4RY,3 Pokojowe Ul. Giserska Ursus Z Balkonem,2025_01_05
https://www.otodom.pl/pl/oferta/bielany-3pok-85m2-garaz-tuz-przy-metrze-wawrzyszew-ID4u4P7,Bielany_3Pok_85m2_Garaż_Tuż Przy Metrze Wawrzyszew,2025_01_05
https://www.otodom.pl/pl/oferta/wysoki-standard-mokotow-garaz-duzy-balkon-ID4u4OD,Wysoki standard | Mokotów | Garaż | Duży balkon,2025_01_05
https://www.otodom.pl/pl/oferta/nowoczesny-apartament-wola-ID4u4Om,Nowoczesny apartament Wola,2025_01_05
https://www.otodom.pl/pl/oferta/dwa-pokoje-lotnisko-ID4u4O2,"dwa pokoje, lotnisko",2025_01_05
https://www.otodom.pl/pl/oferta/komfortowe-mieszkanie-obok-toru-stegny-ru-en-ua-ID4u4On,"Komfortowe mieszkanie obok toru Stegny Ru, En, Ua",2025_01_05
https://www.otodom.pl/pl/oferta/do-wynajecia-3-ciche-i-ustawne-pokoje-ID4u4O1,Do Wynajęcia 3 Ciche I Ustawne Pokoje,2025_01_05
https://www.otodom.pl/pl/oferta/amazing-apartment-on-43rd-floor-on-zlota-44-ID4u4N2,Amazing apartment on 43rd floor on Złota 44,2025_01_05
https://www.otodom.pl/pl/oferta/bezposrednio-nowe-garaz-balkon-zwierzeta-ok-ID4u4N1,"BEZPOŚREDNIO Nowe, garaż, balkon, zwierzęta OK!",2025_01_05
https://www.otodom.pl/pl/oferta/jana-pawla-3-pokoje-ID4u4N0,Jana Pawła 3 pokoje,2025_01_05
https://www.otodom.pl/pl/oferta/cena-zawiera-czynsz-ciche-parking-na-terenie-ID4u4MC,Cena zawiera czynsz_ciche_parking na terenie,2025_01_05
https://www.otodom.pl/pl/oferta/dzika-3-pokoje-ID4u4MD,Dzika 3 pokoje,2025_01_05
https://www.otodom.pl/pl/oferta/dolny-mokotow-2pok-spokojna-zielona-okolica-meble-ID4u4MB,Dolny Mokotów_2Pok_Spokojna Zielona Okolica_Meble!,2025_01_05
https://www.otodom.pl/pl/oferta/cena-zawiera-czynsz-loggia-garaz-rondo-wiatraczna-ID4u4MA,Cena Zawiera Czynsz_Loggia_Garaż_Rondo Wiatraczna!,2025_01_05
https://www.otodom.pl/pl/oferta/wynajem-mieszkania-wola-ul-ostroroga-21-ID4u4M1,"Wynajem mieszkania – Wola, ul. Ostroroga 21",2025_01_05
https://www.otodom.pl/pl/oferta/kawalerka-z-pieknym-widokiem-ID4u4Lj,Kawalerka Z Pięknym Widokiem,2025_01_05
https://www.otodom.pl/pl/oferta/przytulne-32-m2-ul-joliot-curie-ID4u4L4,"Przytulne 32 m2, ul. Joliot - Curie",2025_01_05
https://www.otodom.pl/pl/oferta/2-osobne-pokoje-kablowka-internet-w-cenie-48m2-ID4u4KI,"2 osobne,pokoje,kablówka,internet w cenie, 48m2",2025_01_05
https://www.otodom.pl/pl/oferta/super-mieszkanie-na-wynajem-ID4u3Hh,Super mieszkanie na wynajem,2025_01_05
https://www.otodom.pl/pl/oferta/przytulna-kawalerka-w-centrum-z-duzym-balkonem-ID.4u4WY,,2025_01_05
https://www.otodom.pl/pl/oferta/wynajme-mieszkanie-na-ul-lazurowej-styczen-eng-ID4u3OU,Wynajmę mieszkanie na ul. Lazurowej / styczeń /ENG,2025_01_05
https://www.otodom.pl/pl/oferta/2-pokoje-z-balkonem-i-oddzielna-kuchnia-ID4u4Kx,2 Pokoje Z Balkonem I Oddzielną Kuchnią,2025_01_05
https://www.otodom.pl/pl/oferta/warszawa-bemowo-kaliskiego-35-34-m2-2300-pln-ID4u4Ip,"Warszawa, Bemowo, Kaliskiego 35, 34 m2, 2300 PLN",2025_01_05
https://www.otodom.pl/pl/oferta/niepowtarzalny-klimat-starego-mokotowa-ID4u4Jr,Niepowtarzalny klimat Starego Mokotowa,2025_01_05
https://www.otodom.pl/pl/oferta/apartament-premium-ul-tolkiena-mokotow-ID4u4Ji,"Apartament Premium, ul. Tolkiena, Mokotów",2025_01_05
https://www.otodom.pl/pl/oferta/2-pokoje-po-remoncie-tuz-przy-metrze-ID4u4IW,2 pokoje po remoncie tuż przy metrze,2025_01_05
https://www.otodom.pl/pl/oferta/piekne-mieszkanie-w-dobrej-lokalizacji-ID4u4IT,Piękne mieszkanie w dobrej lokalizacji,2025_01_05
https://www.otodom.pl/pl/oferta/ladna-kawalerka-przy-ul-dionizosa-ID4u4IM,Ładna Kawalerka Przy Ul. Dionizosa,2025_01_05
https://www.otodom.pl/pl/oferta/mieszkanie-45-m-warszawa-ID4u4I9,"Mieszkanie, 45 m², Warszawa",2025_01_05
https://www.otodom.pl/pl/oferta/2-pok-oddz-kuchnia-ul-gotarda-6-min-do-metra-ID4u4HS,"2 pok, oddz. kuchnia, ul. Gotarda, 6 min do metra",2025_01_05
https://www.otodom.pl/pl/oferta/nowe-2-pokojowe-45-m-duza-loggia-garaz-ID4u4Hn,"Nowe 2-pokojowe 45 m ,duża loggia ,garaż",2025_01_05
https://www.otodom.pl/pl/oferta/sloneczne-komfortowe-2pokoje-loggia-balkon-ID4u4H6,"Słoneczne, Komfortowe 2Pokoje, Loggia, Balkon",2025_01_05
https://www.otodom.pl/pl/oferta/koszykowa-49-kamienica-unikat-pl-konstytucji-ID4u4GW,koszykowa 49 | kamienica | unikat | pl.konstytucji,2025_01_05
https://www.otodom.pl/pl/oferta/mieszkanie-2-pok-62m2-sulejkowska-60a-praga-pld-ID4u4GC,"Mieszkanie 2-pok. 62m2, Sulejkowska 60A, Praga Płd",2025_01_05
https://www.otodom.pl/pl/oferta/mieszkanie-z-dusza-metro-wilenska-kamienica-ID4u4GR,mieszkanie z duszą | metro wileńska | kamienica,2025_01_05
https://www.otodom.pl/pl/oferta/mieszkania-4-pokojowe-na-wynajem-bemowo-warszawa-ID4u4Gp,"Mieszkania 4 pokojowe na wynajem: Bemowo, Warszawa",2025_01_05
https://www.otodom.pl/pl/oferta/muranow-zadbane-4-pokoje-jasna-kuchnia-ID4u4Gg,Muranów - zadbane 4 pokoje + jasna kuchnia,2025_01_05
https://www.otodom.pl/pl/oferta/wynajme-mieszkanie-2-pokoje-ID4u4FB,Wynajmę mieszkanie- 2 pokoje,2025_01_05
https://www.otodom.pl/pl/oferta/mieszkanie-135-m-warszawa-ID4u4FI,"Mieszkanie, 135 m², Warszawa",2025_01_05
https://www.otodom.pl/pl/oferta/designerskie-mieszkanie-przy-alejach-ujazdowskich-ID4u4ER,Designerskie Mieszkanie Przy Alejach Ujazdowskich,2025_01_05
https://www.otodom.pl/pl/oferta/3-mieszkanie-na-pradze-polnoc-ID4u4Eo,3-Mieszkanie Na Pradze-Północ,2025_01_05
https://www.otodom.pl/pl/oferta/fully-furnished-3-bedrooms-ac-2x-parking-ID4u4Cs,Fully Furnished | 3 Bedrooms | Ac | 2X Parking,2025_01_05
https://www.otodom.pl/pl/oferta/koszykowa-2-pokoje-w-kamienicy-od-zaraz-ID4u4C5,Koszykowa | 2 Pokoje W Kamienicy | Od Zaraz,2025_01_05
https://www.otodom.pl/pl/oferta/2-pokojowe-mieszkanie-38m2-przy-kampusie-uw-ID4u4BJ,2 pokojowe mieszkanie 38m2 przy kampusie UW,2025_01_05
https://www.otodom.pl/pl/oferta/luksusowy-apartament-w-centrum-warszawy-ID4u4Bp,Luksusowy Apartament W Centrum Warszawy,2025_01_05
https://www.otodom.pl/pl/oferta/apartamenty-przy-krolikarni-basen-metro-ID4u4Av,"""Apartamenty przy Królikarni"", Basen, Metro",2025_01_05
https://www.otodom.pl/pl/oferta/2-pokoje-wesola-skm-ID4u4zP,2 Pokoje Wesoła SKM,2025_01_05
https://www.otodom.pl/pl/oferta/wyjatkowe-wnetrza-w-odrestaurowanej-kamienicy-ID4u4zr,Wyjątkowe wnętrza w odrestaurowanej kamienicy,2025_01_05
https://www.otodom.pl/pl/oferta/pierwszy-najemca-nowiutkie-m3-w-nowym-bloku-ID4u4zp,Pierwszy najemca! Nowiutkie M3 w nowym bloku,2025_01_05
https://www.otodom.pl/pl/oferta/pierwszy-najemca-nowe-lokum-przy-metrze-kabaty-ID4u4zn,Pierwszy najemca! Nowe lokum przy metrze Kabaty,2025_01_05
https://www.otodom.pl/pl/oferta/przestronne-mieszkanie-3-pokoje-osobna-kuchnia-ID4u4zk,"Przestronne mieszkanie – 3 pokoje, osobna kuchnia",2025_01_05
https://www.otodom.pl/pl/oferta/mieszkanie-71m2-nowe-budownictwo-3-pokoje-marysin-ID4u4zf,Mieszkanie 71m2 nowe budownictwo 3 pokoje Marysin,2025_01_05
https://www.otodom.pl/pl/oferta/2-pokojowe-klimatyzowane-z-tarasem-na-dachu-ID4u4zc,"2-Pokojowe, klimatyzowane, z tarasem na dachu",2025_01_05
https://www.otodom.pl/pl/oferta/2-pokoje-metro-stoklosy-ID4u4za,"2 pokoje, Metro Stokłosy",2025_01_05
https://www.otodom.pl/pl/oferta/wynajme-mieszkanie-3-pokojowe-warszawa-bialoleka-ID4u4yB,Wynajmę mieszkanie 3-pokojowe Warszawa Białołęka,2025_01_05
https://www.otodom.pl/pl/oferta/2-pokoje-z-balkonem-i-oddzielna-kuchnia-ID.4u4Kx,,2025_01_05
https://www.otodom.pl/pl/oferta/nowa-kawalerka-przy-stacji-metra-chrzanow-ID4u4yz,Nowa Kawalerka Przy Stacji Metra Chrzanów!,2025_01_05
https://www.otodom.pl/pl/oferta/mieszkanie-do-wynajecia-srodmiescie-ID4u4yw,Mieszkanie do wynajęcia Śródmieście,2025_01_05
https://www.otodom.pl/pl/oferta/2-pok-mieszkanie-40m2-2x-parking-duzy-balkon-ID4u4xZ,"2 pok. mieszkanie 40m2, 2x parking, duży balkon",2025_01_05
https://www.otodom.pl/pl/oferta/nowe-miasto-jednopokojowe-urocze-ID4u4xB,Nowe Miasto jednopokojowe urocze,2025_01_05
https://www.otodom.pl/pl/oferta/3-pokojowe-mieszkanie-na-wilanowie-77-5-m2-ID4u4xU,"3-POKOJOWE mieszkanie na Wilanowie 77,5 m2",2025_01_05
https://www.otodom.pl/pl/oferta/od-zaraz-2-pokojowe-przy-hali-mirowskiej-ID4u4xH,Od zaraz 2-pokojowe przy Hali Mirowskiej,2025_01_05
https://www.otodom.pl/pl/oferta/od-zaraz-ciche-mieszkanie-z-garazem-ID4u4xF,Od zaraz ciche mieszkanie z garażem,2025_01_05
https://www.otodom.pl/pl/oferta/2-pokojwe-mieszkanie-przy-metrze-stare-bielany-ID4u4xz,2-pokojwe mieszkanie przy metrze Stare Bielany,2025_01_05
https://www.otodom.pl/pl/oferta/mieszkanie-dwupokojowe-na-wynajem-ID4u4xm,Mieszkanie dwupokojowe na wynajem,2025_01_05
https://www.otodom.pl/pl/oferta/przestronne-mieszkanie-z-pieknym-widokiem-ID4u4vw,Przestronne mieszkanie z pięknym widokiem,2025_01_05
https://www.otodom.pl/pl/oferta/kawalerka-na-wynajem-praga-pln-ID4u4vf,Kawalerka na wynajem Praga Płn,2025_01_05
https://www.otodom.pl/pl/oferta/nowoczesny-apartament-przy-elektorowni-powisle-ID4u4w2,Nowoczesny Apartament przy Elektorowni Powiśle,2025_01_05
https://www.otodom.pl/pl/oferta/4-pok-99-m-ok-metra-wilanowska-ID4u4mB,4 pok. 99 m ok. Metra Wilanowska,2025_01_05
https://www.otodom.pl/pl/oferta/ursynow-metro-natolin-2-pokoje-z-garazem-w-hali-ID4u4tL,"Ursynów metro Natolin,2 pokoje z garażem w hali",2025_01_05
https://www.otodom.pl/pl/oferta/brodno-ul-krasnobrodzka-3-pok-56-6-m-parking-ID4u4tE,"Bródno ul. Krasnobrodzka, 3 pok. 56,6 m parking",2025_01_05
https://www.otodom.pl/pl/oferta/targowek-ul-krasnobrodzka-3-pok-56-6m-parking-ID4u4tz,"Targówek ul. Krasnobrodzka, 3 pok.56,6m, parking",2025_01_05
https://www.otodom.pl/pl/oferta/mieszkanie-dla-pary-ID4u4tj,mieszkanie dla pary,2025_01_05
https://www.otodom.pl/pl/oferta/studio-pierwszy-najem-bezposrednio-ID4u4t0,Studio Pierwszy najem Bezpośrednio/русский язык,2025_01_05
https://www.otodom.pl/pl/oferta/mieszkanie-3-pokojowe-bielany-metro-mlociny-eng-ID4u4pM,Mieszkanie 3-pokojowe /Bielany/Metro Młociny/ENG‼️,2025_01_05
https://www.otodom.pl/pl/oferta/mieszkanie-nowy-rembertow-57m2-ID4u4pc,Mieszkanie Nowy Rembertow 57m2,2025_01_05
https://www.otodom.pl/pl/oferta/klimatyczne-mieszkanie-na-bemowie-ID4u4p1,Klimatyczne mieszkanie na Bemowie :),2025_01_05
https://www.otodom.pl/pl/oferta/mieszkanie-3-pokojowe-z-klimatyzacja-ID4u4nP,Mieszkanie 3-pokojowe z klimatyzacją,2025_01_05
https://www.otodom.pl/pl/oferta/nowy-3-pokojowy-apartament-15min-od-centrum-waw-ID4u4mt,NOWY 3-pokojowy apartament (15min. od centrum WAW,2025_01_05
https://www.otodom.pl/pl/oferta/mieszkanie-3-pokoje-2-p-60-m2-wysoki-standard-ID4u4ms,"Mieszkanie 3 pokoje, 2 p., 60 m2, wysoki standard",2025_01_05
https://www.otodom.pl/pl/oferta/rewelacja-pokoj-z-kuchnia-w-scislym-centrum-ID4u4mf,Rewelacja - Pokój Z Kuchnią W Ścisłym Centrum,2025_01_05
https://www.otodom.pl/pl/oferta/2-pokoje-mokotow-39-m-3200-zl-ID4u4lR,"2 pokoje, Mokotów, 39 m, 3200 zł",2025_01_05
https://www.otodom.pl/pl/oferta/nowy-3-pokojowy-apartament-15min-od-centrum-war-ID4u4lC,NOWY 3-pokojowy apartament (15min. od centrum WAR),2025_01_05
https://www.otodom.pl/pl/oferta/bezposrednio-kameralne-po-metamorfozie-na-targowku-ID4u4lt,Bezpośrednio kameralne po metamorfozie na Targówku,2025_01_05
https://www.otodom.pl/pl/oferta/mieszkanie-2-pok-na-bialolece-ID4u4kp,Mieszkanie 2 pok na Białołece,2025_01_05
https://www.otodom.pl/pl/oferta/wynajme-bezposrednio-2-pokojowe-mieszkanie-bemowo-ID4u4k5,Wynajmę bezpośrednio 2 pokojowe mieszkanie Bemowo,2025_01_05
https://www.otodom.pl/pl/oferta/nowa-kawalerka-przy-stacji-metra-chrzanow-ID.4u4yz,,2025_01_05
https://www.otodom.pl/pl/oferta/lokal-na-biuro-pl-zawiszy-ID4u4jg,Lokal na Biuro Pl. Zawiszy,2025_01_05
https://www.otodom.pl/pl/oferta/mieszkanie-2-pokojowe-na-bemowie-ID4u4hn,Mieszkanie 2-pokojowe na Bemowie,2025_01_05
https://www.otodom.pl/pl/oferta/atrakcyjne-2-pok-mieszkanie-na-19-dzielnicy-ID4u4hk,Atrakcyjne 2 Pok. Mieszkanie Na 19 Dzielnicy !!!,2025_01_05
https://www.otodom.pl/pl/oferta/wynajme-kawalerke-warszawa-zoliborz-ID4u4eM,Wynajmę kawalerke Warszawa Żoliborz,2025_01_05
https://www.otodom.pl/pl/oferta/wysoki-standard-tuz-obok-metro-szwedzka-ID4u4cx,"Wysoki Standard, tuż obok Metro Szwedzka",2025_01_05
https://www.otodom.pl/pl/oferta/zlota-centrum-ID4u4cm,Złota Centrum,2025_01_05
https://www.otodom.pl/pl/oferta/kawalerka-bez-prowizji-mokotow-ID4u49U,Kawalerka | Bez prowizji | Mokotów,2025_01_05
https://www.otodom.pl/pl/oferta/podziwiaj-panorame-w-wy-z-10-pietra-bez-prowizji-ID4u4aY,Podziwiaj panoramę W-wy z 10 piętra- Bez prowizji,2025_01_05
https://www.otodom.pl/pl/oferta/qbik-loft-apartament-2-pokoje-miejsce-parkingowe-ID4u4aS,!Qbik Loft Apartament/2 pokoje/miejsce parkingowe!,2025_01_05
https://www.otodom.pl/pl/oferta/3-pokojowe-mieszkanie-mokotow-ID4u4at,"3-Pokojowe Mieszkanie, Mokotów",2025_01_05
https://www.otodom.pl/pl/oferta/kawalerka-na-kabatach-tuz-obok-metra-ID4u49S,Kawalerka na Kabatach tuż obok Metra,2025_01_05
https://www.otodom.pl/pl/oferta/zobacz-funkcjonalne-i-przestronne-2-pokoje-ID4u49B,✅Zobacz>>> funkcjonalne i przestronne 2 pokoje!✅,2025_01_05
https://www.otodom.pl/pl/oferta/3-pokoje-w-swietnej-lokalizacji-ID4u49u,3 pokoje w świetnej lokalizacji,2025_01_05
https://www.otodom.pl/pl/oferta/mieszkanie-44m-mokotow-bartycka-przy-kopcu-ID4u485,Mieszkanie 44m² Mokotów Bartycka przy Kopcu,2025_01_05
https://www.otodom.pl/pl/oferta/dwa-przestronne-pokoje-po-remoncie-w-centrum-ID4u47W,Dwa Przestronne Pokoje Po Remoncie W Centrum,2025_01_05
https://www.otodom.pl/pl/oferta/mieszkanie-2-pokojowe-w-centrum-26-m-ID4u46x,"Mieszkanie 2-pokojowe w centrum, 26 m².",2025_01_05
https://www.otodom.pl/pl/oferta/3-pokoje-bezposrednio-bialej-floty-1-ID4u466,3 - pokoje | Bezpośrednio | Białej Floty 1,2025_01_05
https://www.otodom.pl/pl/oferta/cztery-nieumeblowane-pokoje-w-scislym-centrum-ID4u45Z,Cztery Nieumeblowane Pokoje W Ścisłym Centrum,2025_01_05
https://www.otodom.pl/pl/oferta/mieszkanie-grochow-2-pokoje-od-zaraz-ID4u45s,"Mieszkanie Grochów 2 pokoje, od zaraz",2025_01_05
https://www.otodom.pl/pl/oferta/sprawdz-mieszkanie-w-sercu-starego-zoliborza-ID4u45i,✅Sprawdź>>> Mieszkanie w sercu Starego Żoliborza!✅,2025_01_05
https://www.otodom.pl/pl/oferta/kawalerka-po-remoncie-ID4u44D,Kawalerka po remoncie,2025_01_05
https://www.otodom.pl/pl/oferta/wynajme-bezposrednio-64-m2-ID4u443,Wynajmę bezpośrednio 64 m2,2025_01_05
https://www.otodom.pl/pl/oferta/mieszkanie-z-ogrodkiem-luksusowe-ID4u3ZP,Mieszkanie Z Ogródkiem | Luksusowe,2025_01_05
https://www.otodom.pl/pl/oferta/kawalerka-z-balkonem-na-mokotowie-ID4u3Zq,Kawalerka z balkonem na Mokotowie,2025_01_05
https://www.otodom.pl/pl/oferta/mieszkanie-70-m-warszawa-ID4u3YY,"Mieszkanie, 70 m², Warszawa",2025_01_05
https://www.otodom.pl/pl/oferta/przestronne-jasne-mieszkanie-przy-metro-mlynow-ID4u3Yu,Przestronne jasne mieszkanie przy Metro Młynów,2025_01_05
https://www.otodom.pl/pl/oferta/2-oddzielne-pok-z-garazem-i-balkonem-bez-prowizji-ID4u3Yl,2 oddzielne pok. z garażem i balkonem-bez prowizji,2025_01_05
https://www.otodom.pl/pl/oferta/mieszkanie-idealne-dla-studenta-pary-ID4u3Xc,"Mieszkanie Idealne Dla Studenta, Pary.",2025_01_05
https://www.otodom.pl/pl/oferta/3-pokoje-przy-metrze-ursynow-ID4u3V1,3 pokoje przy metrze Ursynów,2025_01_05
https://www.otodom.pl/pl/oferta/saska-kepa-40-m-z-balkonem-po-remoncie-ID4u3WQ,"Saska Kępa, 40 M z balkonem po remoncie",2025_01_05
https://www.otodom.pl/pl/oferta/elegancki-apartament-z-loggia-na-woli-ID4u3Wy,Elegancki apartament z loggią na Woli!,2025_01_05
https://www.otodom.pl/pl/oferta/na-wynajem-dwupokojowe-mieszkanie-na-ochocie-ID4u3UR,Na Wynajem Dwupokojowe Mieszkanie Na Ochocie,2025_01_05
https://www.otodom.pl/pl/oferta/trzypokojowe-mieszkanie-z-tarasem-na-wilanowie-ID4u3Ut,Trzypokojowe Mieszkanie Z Tarasem Na Wilanowie,2025_01_05
https://www.otodom.pl/pl/oferta/dwupokojowe-mieszkanie-na-ursynowie-ID4u3Uu,Dwupokojowe Mieszkanie Na Ursynowie,2025_01_05
https://www.otodom.pl/pl/oferta/lokal-na-biuro-pl-zawiszy-ID.4u4jg,,2025_01_05
https://www.otodom.pl/pl/oferta/3-pokojowe-mieszkanie-na-placu-wilsona-prywatnie-ID4u3U8,"3 pokojowe mieszkanie na Placu Wilsona, prywatnie.",2025_01_05
https://www.otodom.pl/pl/oferta/centrum-64m2-3-pokoje-moze-byc-na-biuro-ID4u3TX,Centrum -64m2 - 3 pokoje - Może być na biuro,2025_01_05
https://www.otodom.pl/pl/oferta/mieszkanie-ul-domaniewska-47a-ID4u3Tu,Mieszkanie ul.Domaniewska 47a,2025_01_05
https://www.otodom.pl/pl/oferta/dwupokojowe-na-wynajem-na-woli-ID4u3SL,Dwupokojowe na wynajem na Woli.,2025_01_05
https://www.otodom.pl/pl/oferta/apartament-blisko-metra-wola-2-pokoje-garaz-ID4u3SH,"Apartament blisko metra, Wola, 2 pokoje + GARAŻ",2025_01_05
https://www.otodom.pl/pl/oferta/klimatyczne-biuro-w-kamienicy-ID4u3Sw,Klimatyczne biuro w kamienicy,2025_01_05
https://www.otodom.pl/pl/oferta/mieszkanie-4-pokoje-77m2-super-lokalizacja-ID4u3Sb,"Mieszkanie 4 pokoje 77m2, super lokalizacja",2025_01_05
https://www.otodom.pl/pl/oferta/2-pokojowe-bemowo-kopalniana-metro-polczynska-ID4u3S7,2-pokojowe Bemowo Kopalniana Metro Połczyńska,2025_01_05
https://www.otodom.pl/pl/oferta/malawskiego-sypialnia-aneks-1-bedroom-ID4u3RL,Malawskiego - Sypialnia + aneks / 1 bedroom (◕‿◕),2025_01_05
https://www.otodom.pl/pl/oferta/apartament-twarda-cosmopolitan-na-wynajem-ID4u3Rc,Apartament Twarda Cosmopolitan na wynajem,2025_01_05
https://www.otodom.pl/pl/oferta/dwupokojowe-mieszkanie-przy-pl-hallera-52-m-ID4u3Q7,"Dwupokojowe mieszkanie przy pl. Hallera, 52 m",2025_01_05
https://www.otodom.pl/pl/oferta/2-pok-mieszkanie-sokratesa-blisko-metra-ID4u3PG,2-pok. mieszkanie | Sokratesa | blisko metra,2025_01_05
https://www.otodom.pl/pl/oferta/mieszkanie-55m2-ul-wilcza-bezposrednio-ID4u3Pa,Mieszkanie 55m2 ul. Wilcza bezpośrednio,2025_01_05
https://www.otodom.pl/pl/oferta/komfortowe-2-pokoje-w-centrum-piwnica-w-cenie-ID4u3OW,"Komfortowe 2 Pokoje W Centrum, Piwnica W Cenie",2025_01_05
https://www.otodom.pl/pl/oferta/al-jerozolimskie-81-m2-mieszkanie-biuro-ID4u3Os,Al Jerozolimskie 81 m2 mieszkanie/biuro,2025_01_05
https://www.otodom.pl/pl/oferta/500-metrow-do-metra-ciche-3-pokoje-duzy-balkon-ID4u3Ok,"500 metrów do metra, ciche 3 pokoje duży balkon",2025_01_05
https://www.otodom.pl/pl/oferta/mieszkanie-do-wynajecia-ID4u3NE,Mieszkanie do wynajęcia,2025_01_05
https://www.otodom.pl/pl/oferta/klimatyczny-apartament-3-pok-na-ostatnim-pietrze-ID4u3MV,Klimatyczny apartament 3 pok. na ostatnim piętrze,2025_01_05
https://www.otodom.pl/pl/oferta/unique-luxury-finished-park-view-consierge-24-7-ID4u3MO,Unique&Luxury Finished&Park View&Consierge 24/7,2025_01_05
https://www.otodom.pl/pl/oferta/prestige-location-luxury-standard-ID4u3MJ,Prestige Location&Luxury Standard,2025_01_05
https://www.otodom.pl/pl/oferta/mokotow-2-pok-ciche-ID4u3LV,"Mokotów, 2 pok Ciche",2025_01_05
https://www.otodom.pl/pl/oferta/mieszkanie-10p-widok-na-centrum-ID4u3Ln,"Mieszkanie 10p, widok na centrum",2025_01_05
https://www.otodom.pl/pl/oferta/kawalerka-ul-krasiczynska-blisko-metra-ID4u3Lu,kawalerka ul. Krasiczyńska blisko metra,2025_01_05
https://www.otodom.pl/pl/oferta/wyjatkowe-i-nowo-urzadzone-rondo-daszynskiego-ID4u3KX,Wyjatkowe i nowo urzadzone. Rondo Daszynskiego,2025_01_05
https://www.otodom.pl/pl/oferta/mieszkanie-2-pokojowe-wola-ID4u3K4,Mieszkanie 2-Pokojowe Wola,2025_01_05
https://www.otodom.pl/pl/oferta/wynajme-2-pokojowe-na-ursynowie-ID4u3JF,Wynajmę 2-pokojowe na Ursynowie,2025_01_05
https://www.otodom.pl/pl/oferta/3-niezalezne-pokoje-przy-metrze-oddzielna-kuchnia-ID4u3JI,3 niezależne pokoje/przy metrze/oddzielna kuchnia,2025_01_05
https://www.otodom.pl/pl/oferta/50-m2-targowek-brodno-galeria-renowa-garaz-ID4u3JK,50 m2 Targówek-Bródno Galeria Renowa garaż,2025_01_05
https://www.otodom.pl/pl/oferta/bemowo-lazurowa-42-m2-balkon-osiedle-z-2024-rok-ID4u3JL,Bemowo Lazurowa 42 m2 + balkon osiedle z 2024 rok,2025_01_05
https://www.otodom.pl/pl/oferta/czteropokojowy-apartament-na-zlotej-ID4u3Hv,Czteropokojowy apartament na Złotej,2025_01_05
https://www.otodom.pl/pl/oferta/mokotow-2-pok-balkon-samodzielna-kuchnia-metro-ID4u3HV,Mokotów/2 pok./ balkon/samodzielna kuchnia/metro.,2025_01_05
https://www.otodom.pl/pl/oferta/nowoczesne-2-pokoje-grzybowska-centrum-ID4u3HK,"Nowoczesne 2 pokoje | Grzybowska, Centrum",2025_01_05
https://www.otodom.pl/pl/oferta/luksusowy-apartament-na-wynajem-w-wilanowie-ID4u3H4,Luksusowy Apartament Na Wynajem W Wilanowie,2025_01_05
https://www.otodom.pl/pl/oferta/piekne-mieszkanie-na-wilanowie-ID4u3H2,Piękne Mieszkanie Na Wilanowie!,2025_01_05
https://www.otodom.pl/pl/oferta/3-pokojowe-mieszkanie-na-placu-wilsona-prywatnie-ID.4u3U8,,2025_01_05
https://www.otodom.pl/pl/oferta/balkon-warszawska-skm-ID4u3GG,Balkon | Warszawska | SKM,2025_01_05
https://www.otodom.pl/pl/oferta/wysoki-standard-obok-okecie-i-park-szczesliwicki-ID4u3G8,Wysoki Standard! Obok Okęcie I Park Szczęśliwicki!,2025_01_05
https://www.otodom.pl/pl/oferta/sprawdz-przytulne-mieszkanie-przy-metrze-ID4u3Ef,✅Sprawdź >>> Przytulne mieszkanie przy metrze✅,2025_01_05
https://www.otodom.pl/pl/oferta/sprawdzprzestronne-jasne-2-pokoje-z-tarasem-ID4u3Ee,"✅Sprawdź>>>Przestronne, jasne 2 pokoje z tarasem✅",2025_01_05
https://www.otodom.pl/pl/oferta/duza-kawalerka-rozopol-stacja-metra-bez-prowizji-ID4u3DM,"Duża kawalerka, Rózopol, stacja metra-Bez prowizji",2025_01_05
https://www.otodom.pl/pl/oferta/ciche-m2-przy-stacji-pkp-praga-bez-prowizji-ID4u3Do,Ciche M2 przy stacji PKP Praga - Bez prowizji,2025_01_05
https://www.otodom.pl/pl/oferta/wyjatkowy-apartament-na-powislu-ID4u3CR,Wyjątkowy apartament na Powiślu,2025_01_05
https://www.otodom.pl/pl/oferta/2-pokoje-przy-samym-parku-wysoki-standard-2018r-ID4u3C8,2 Pokoje Przy Samym Parku Wysoki Standard 2018R,2025_01_05
https://www.otodom.pl/pl/oferta/2-pok-apartament-na-woli-i-grzybowska-i-ID4u3BY,2 Pok. Apartament Na Woli I Grzybowska I,2025_01_05
https://www.otodom.pl/pl/oferta/umeblowane-bardzo-ladne-3-pokoje-z-garazem-ID4u3BU,"Umeblowane , bardzo ładne 3 pokoje z garażem !",2025_01_05
https://www.otodom.pl/pl/oferta/mieszkanie-40-m-warszawa-ID4u3zS,"Mieszkanie, 40 m², Warszawa",2025_01_05
https://www.otodom.pl/pl/oferta/atrakcyjne-dwa-pokoje-na-muranowie-ID4u3zQ,Atrakcyjne dwa pokoje na Muranowie,2025_01_05
https://www.otodom.pl/pl/oferta/2-pokojowe-mieszkanie-na-mokotowe-z-ogrodkiem-ID4u3yQ,2 Pokojowe Mieszkanie Na Mokotówe Z Ogródkiem,2025_01_05
https://www.otodom.pl/pl/oferta/mieszkanie-44-m-warszawa-ID4u3yO,"Mieszkanie, 44 m², Warszawa",2025_01_05
https://www.otodom.pl/pl/oferta/wynajme-mieszkanie-rodzinie-ID4u3y5,Wynajmę mieszkanie rodzinie.,2025_01_05
https://www.otodom.pl/pl/oferta/2-pokoje-przy-rondzie-daszynskiego-od-10-01-ID4u3yB,2 pokoje | przy Rondzie Daszyńskiego | od 10.01,2025_01_05
https://www.otodom.pl/pl/oferta/60m-2-pokoje-garaz-taras-ID4u3xZ,"60m , 2 pokoje, garaż, taras",2025_01_05
https://www.otodom.pl/pl/oferta/komfortowe-3-pokoje-na-tarchominie-z-klimatyzacja-ID4u3xH,"Komfortowe 3 pokoje na Tarchominie, z klimatyzacją",2025_01_05
https://www.otodom.pl/pl/oferta/mieszkanie-44-50-m-warszawa-ID4u3xh,"Mieszkanie, 44,50 m², Warszawa",2025_01_05
https://www.otodom.pl/pl/oferta/53m-2-pokoje-z-oddzielna-kuchnia-ID4u3w0,"53m, 2 pokoje z oddzielna kuchnią!",2025_01_05
https://www.otodom.pl/pl/oferta/luksusowe-mieszkanie-powisle-ID4u3uq,Luksusowe Mieszkanie Powiśle,2025_01_05
https://www.otodom.pl/pl/oferta/penthouse-miasteczko-wilanow-unikatowy-taras-ID4u3u4,penthouse | miasteczko wilanów | unikatowy taras,2025_01_05
https://www.otodom.pl/pl/oferta/4-5-pokoi-140m2-stegny-aleja-gen-sikorskiego-ID4u3tD,"4-5 pokoi,140m2,Stegny,Aleja Gen.Sikorskiego",2025_01_05
https://www.otodom.pl/pl/oferta/dwa-pokoje-z-garazem-w-centrum-ID4u3sx,Dwa pokoje z garażem w centrum,2025_01_05
https://www.otodom.pl/pl/oferta/mieszkanie-99-m-warszawa-ID4u3ro,"Mieszkanie, 99 m², Warszawa",2025_01_05
https://www.otodom.pl/pl/oferta/mieszkanie-110-50-m-warszawa-ID4u3rt,"Mieszkanie, 110,50 m², Warszawa",2025_01_05
https://www.otodom.pl/pl/oferta/zobaczmieszkanie-przy-rondzie-wiatraczna-ID4u3qF,✅Zobacz>>>Mieszkanie przy Rondzie Wiatraczna✅,2025_01_05
https://www.otodom.pl/pl/oferta/mieszkanie-z-ogrodkiem-na-mokotowie-ID4u3qs,Mieszkanie z ogródkiem na Mokotowie,2025_01_05
https://www.otodom.pl/pl/oferta/kawalerka-na-starowce-rynek-nowego-miasta-ID4u3pI,Kawalerka na Starówce- Rynek Nowego Miasta,2025_01_05
https://www.otodom.pl/pl/oferta/wawozowa-85m-3-pokoje-garaz-komorka-ID4u3pM,"Wąwozowa 85m, 3 pokoje, garaż, komórka",2025_01_05
https://www.otodom.pl/pl/oferta/2-pokojowe-z-balkonem-40-m2-bemowo-garaz-w-cenie-ID4u3pv,2-Pokojowe Z Balkonem|40 M2|Bemowo|Garaż W Cenie,2025_01_05
https://www.otodom.pl/pl/oferta/przytulne-mieszkanie-z-garazem-przy-metrze-ID4u3pa,"Przytulne mieszkanie z garażem, przy metrze",2025_01_05
https://www.otodom.pl/pl/oferta/bialoleka-ceramiczna-2008-rok-bez-mebli-ID4u3p3,Białołęka Ceramiczna 2008 rok bez mebli,2025_01_05
https://www.otodom.pl/pl/oferta/sprawdz-2-pokojowy-apartament-na-zoliborzu-ID4u3ok,✅ Sprawdź>>> 2 pokojowy apartament na Żoliborzu ✅,2025_01_05
https://www.otodom.pl/pl/oferta/idealna-lokalizacja-w-centrum-ciche-umeblowane-ID4u3nt,Idealna lokalizacja w CENTRUM. Ciche. Umeblowane.,2025_01_05
https://www.otodom.pl/pl/oferta/mieszkanie-na-stanislawa-augusta-ID4u3kN,Mieszkanie na Stanisława Augusta,2025_01_05
https://www.otodom.pl/pl/oferta/balkon-warszawska-skm-ID.4u3GG,,2025_01_05
https://www.otodom.pl/pl/oferta/browary-warszawskie-daszynskiego-krochmalna-54-ID4u3jz,Browary Warszawskie (Daszyńskiego) - Krochmalna 54,2025_01_05
https://www.otodom.pl/pl/oferta/stalowa-27-metro-new-building-nice-view-ID4u3ja,Stalowa 27/ Metro/ New Building/Nice View,2025_01_05
https://www.otodom.pl/pl/oferta/platinum-towers-available-now-ID4u3iV,Platinum Towers #Available now,2025_01_05
https://www.otodom.pl/pl/oferta/platinum-towers-available-now-ID4u3iT,Platinum Towers #Available now,2025_01_05
https://www.otodom.pl/pl/oferta/nowe-mieszkanie-z-widokiem-na-drzewa-klimatyczne-ID4u3ho,"Nowe mieszkanie z widokiem na drzewa, klimatyczne",2025_01_05
https://www.otodom.pl/pl/oferta/mieszkanie-2-pok-48m2-bez-prowizji-przy-agorze-ID4u3ha,Mieszkanie 2-pok |48m2 |Bez prowizji | Przy Agorze,2025_01_05
https://www.otodom.pl/pl/oferta/kawalerka-nova-ochota-lopuszanska-ID4u3gM,kawalerka Nova Ochota Łopuszańska,2025_01_05
https://www.otodom.pl/pl/oferta/nowe-mieszkanie-wygodne-jasne-2-pokojowe-ID4u3fP,"Nowe mieszkanie, wygodne, jasne, 2-pokojowe",2025_01_05
https://www.otodom.pl/pl/oferta/komfortowe-4-pokoje-na-saskiej-kepie-ID4u3eV,Komfortowe 4 Pokoje Na Saskiej Kępie,2025_01_05
https://www.otodom.pl/pl/oferta/3pokojowe-klimatyczne60m2-goclaw-saska-kepa-ID4u3dT,3pokojowe klimatyczne60m2 Gocław/Saska Kępa,2025_01_05
https://www.otodom.pl/pl/oferta/luksusowy-apartament-w-centrum-warszawy-grzybowska-ID4u3dR,Luksusowy apartament w Centrum Warszawy-Grzybowska,2025_01_05
https://www.otodom.pl/pl/oferta/atrakcyjne-mieszkanie-w-centrum-ID4u3d8,atrakcyjne mieszkanie w centrum,2025_01_05
https://www.otodom.pl/pl/oferta/umeblowane-mieszkanie-3-pok-na-nowym-osiedlu-ac-ID4u3cV,"Umeblowane mieszkanie 3-pok. na nowym osiedlu, Ac",2025_01_05
https://www.otodom.pl/pl/oferta/jasne-i-przestronne-3-pokoje-bez-mebli-ID4u3cM,Jasne I Przestronne 3 Pokoje Bez Mebli,2025_01_05
https://www.otodom.pl/pl/oferta/apartament-w-budynku-cosmopolitan-ID4u3cn,Apartament W Budynku Cosmopolitan,2025_01_05
https://www.otodom.pl/pl/oferta/przestronne-i-nowoczesne-2-pokoje-z-tarasem-ID4u3bN,Przestronne I Nowoczesne 2 Pokoje Z Tarasem,2025_01_05
https://www.otodom.pl/pl/oferta/klimatyczne-mieszkanie-na-starym-zoliborzu-ID4u3bu,Klimatyczne mieszkanie na Starym Żoliborzu,2025_01_05
https://www.otodom.pl/pl/oferta/komfortowe-mieszkanie-dla-pary-bemowo-chrzanow-ID4u3bs,"Komfortowe mieszkanie dla pary - Bemowo, Chrzanów",2025_01_05
https://www.otodom.pl/pl/oferta/wynajme-kawalerke-w-ursusie-ID4u61Z,Wynajmę kawalerkę w Ursusie,2025_01_05
https://www.otodom.pl/pl/oferta/browary-warszawskie-daszynskiego-krochmalna-54-ID.4u3jz,,2025_01_05
https://www.otodom.pl/pl/oferta/apartament-3pokoje-konstancin-jeziorna-kolobrzeska-ID4u5Nc,Apartament 3pokoje Konstancin Jeziorna/Kołobrzeska,2025_01_05
https://www.otodom.pl/pl/oferta/do-wynajecia-3-pokoje-nowe-piekne-jozefoslaw-ID4u6Co,"Do wynajęcia, 3 pokoje, nowe, piękne, Józefosław",2025_01_05
https://www.otodom.pl/pl/oferta/nowoczesne-2pok-ogrodek-nowa-iwiczna-warszawa-pkp-ID4u6e8,Nowoczesne 2Pok Ogródek Nowa Iwiczna/Warszawa Pkp,2025_01_05
https://www.otodom.pl/pl/oferta/wynajme-mieszkanie-blok-2021-r-3-pok-jablonna-ID4u5VS,"Wynajmę mieszkanie, blok 2021 r., 3 pok., Jabłonna",2025_01_05
https://www.otodom.pl/pl/oferta/mieszkanie-60m2-z-duzym-tarasem-ul-sklodowskiej-ID4u4Mg,Mieszkanie 60m2 z dużym tarasem ul. Skłodowskiej,2025_01_05
https://www.otodom.pl/pl/oferta/przestronne-i-umeblowane-2-pok-blisko-lasu-ID4u4if,Przestronne I Umeblowane 2 Pok. Blisko Lasu,2025_01_05
https://www.otodom.pl/pl/oferta/2pokoje-taras-ogrodek-mini-osiedle-miejsce-postojo-ID4u4ie,2Pokoje Taras Ogródek Mini Osiedle Miejsce Postojo,2025_01_05
https://www.otodom.pl/pl/oferta/emerald-dostepne-od-jutra-ID4u46l,"""Emerald"" dostępne od jutra",2025_01_05
https://www.otodom.pl/pl/oferta/ciche-m2-z-balkonem-auchan-piaseczno-bez-prowizji-ID4u40E,"Ciche M2 z balkonem, Auchan Piaseczno-bez prowizji",2025_01_05
https://www.otodom.pl/pl/oferta/mieszkanie-2-pokojowe-ul-powstancow-ID4u3T0,Mieszkanie 2 pokojowe ul. Powstańców,2025_01_05
https://www.otodom.pl/pl/oferta/mieszkanie-63-24-m-jozefoslaw-ID4u3SS,"Mieszkanie, 63,24 m², Józefosław",2025_01_05
https://www.otodom.pl/pl/oferta/mieszkanie-wynajem-47m2-super-lokalizacja-piast-ID4u3lL,"Mieszkanie wynajem 47m2, super lokalizacja, Piast",2025_01_05
